year,head_coach,conference,final_record,final_ap_rank,national_title_claim,conference_champion,bowl_name,bowl_result,points_for,points_against,beat_texas,beat_osu,heisman_winner,notable_all_americans,data_tier,source_notes,offense_ppa,defense_ppa,offense_success_rate,defense_success_rate,sp_overall,sp_offense,sp_defense,offense_total_yards,offense_rushing_yards,offense_passing_yards,offense_turnovers,consensus_all_americans,consensus_all_american_count,heisman_finalists,heisman_finalist_count
1895,John A. Harts,N/A (independent),0-1-0,,,FALSE,,,0,34,N/A (not on schedule),N/A (not on schedule),,,4,"Program's inaugural season -- one game played, a loss to an Oklahoma City town team. Harts coached only this season before leaving to pursue gold prospecting.",,,,,,,,,,,,,0,,0
1896,None,Independent,2-0,,,FALSE,,,28,4,N/A (not on schedule),N/A (not on schedule),,,3,Wikipedia: 1896 Oklahoma Sooners football team,,,,,,,,,,,,,0,,0
1897,Vernon Louis Parrington,N/A (independent),2-0-0,,,FALSE,,,33,8,N/A (not on schedule),N/A (not on schedule),,,4,"NEEDS MANUAL REVIEW: only 1 of 2 games has full opponent/date detail (W 16-0 vs Oklahoma City); PF/PA of 33-8 taken from the source's own stated season total, not summed game-by-game from what was pulled.",,,,,,,,,,,,,0,,0
1898,Vernon Louis Parrington,Independent,2-0,,,FALSE,,,29,0,N/A (not on schedule),N/A (not on schedule),,,3,Wikipedia: 1898 Oklahoma Sooners football team,,,,,,,,,,,,,0,,0
1899,Vernon Louis Parrington,Independent,2-1,,,FALSE,,,61,28,N/A (not on schedule),N/A (not on schedule),,,3,Wikipedia: 1899 Oklahoma Sooners football team,,,,,,,,,,,,,0,,0
1900,Vernon Louis Parrington,N/A (independent),3-1-1,,,FALSE,,,118,28,FALSE,N/A (not on schedule),,,4,"NEEDS MANUAL REVIEW: the tie game is referenced in the overall record but not itemized (opponent/score unknown); PF/PA of 118-28 taken from the source's own stated season total. First-ever OU-Texas game, a 6-0 loss -- start of the Red River rivalry.",,,,,,,,,,,,,0,,0
1901,Fred Roberts,Independent,3-2,,,FALSE,,,93,35,FALSE,N/A (not on schedule),,,3,Wikipedia: 1901 Oklahoma Sooners football team,,,,,,,,,,,,,0,,0
1902,Mark McMahon,Independent,6-3,,,FALSE,,,175,60,FALSE,N/A (not on schedule),,,3,Wikipedia: 1902 Oklahoma Sooners football team,,,,,,,,,,,,,0,,0
1903,Mark McMahon,Independent,5-4-3,,,FALSE,,,126,85,FALSE,N/A (not on schedule),,,3,Wikipedia: 1903 Oklahoma Sooners football team,,,,,,,,,,,,,0,,0
1904,Fred Ewing,Independent,4-3-1,,,FALSE,,,204,96,FALSE,N/A (not on schedule),,,3,Wikipedia: 1904 Oklahoma Sooners football team,,,,,,,,,,,,,0,,0
1905,Bennie Owen,Independent,7-2,,,FALSE,,,229,55,TRUE,N/A (not on schedule),,,3,Wikipedia: 1905 Oklahoma Sooners football team,,,,,,,,,,,,,0,,0
1906,Bennie Owen,Independent,5-2-2,,,FALSE,,,124,36,FALSE,N/A (not on schedule),,,3,Wikipedia: 1906 Oklahoma Sooners football team,,,,,,,,,,,,,0,,0
1907,Bennie Owen,Independent,4-4,,,FALSE,,,181,75,FALSE,N/A (not on schedule),,,3,Wikipedia: 1907 Oklahoma Sooners football team,,,,,,,,,,,,,0,,0
1908,Bennie Owen,Independent,8-1-1,,,FALSE,,,272,35,TRUE,N/A (not on schedule),,,3,Wikipedia: 1908 Oklahoma Sooners football team,,,,,,,,,,,,,0,,0
1909,Bennie Owen,Independent,6-4,,,FALSE,,,200,107,FALSE,N/A (not on schedule),,,3,Wikipedia: 1909 Oklahoma Sooners football team,,,,,,,,,,,,,0,,0
1910,Bennie Owen,Independent,4-2-1,,,FALSE,,,163,31,TRUE,N/A (not on schedule),,,3,Wikipedia: 1910 Oklahoma Sooners football team,,,,,,,,,,,,,0,,0
1911,Bennie Owen,Independent,8-0,,,FALSE,,,282,15,TRUE,N/A (not on schedule),,,3,Wikipedia: 1911 Oklahoma Sooners football team,,,,,,,,,,,,,0,,0
1912,Bennie Owen,Independent,5-4,,,FALSE,,,197,80,TRUE,N/A (not on schedule),,,3,Wikipedia: 1912 Oklahoma Sooners football team,,,,,,,,,,,,,0,,0
1913,Bennie Owen,Independent,6-2,,,FALSE,,,323,44,FALSE,N/A (not on schedule),,,3,Wikipedia: 1913 Oklahoma Sooners football team,,,,,,,,,,,,,0,,0
1914,Bennie Owen,Independent,9-1-1,,,FALSE,,,436,96,FALSE,N/A (not on schedule),,,3,Wikipedia: 1914 Oklahoma Sooners football team,,,,,,,,,,,,,0,,0
1915,Bennie Owen,Southwest Conference,10-0,,National champion (Billingsley),TRUE,,,369,54,TRUE,N/A (not on schedule),,,3,Wikipedia: 1915 Oklahoma Sooners football team,,,,,,,,,,,,,0,,0
1916,Bennie Owen,Southwest Conference,6-5,,,FALSE,,,472,115,FALSE,N/A (not on schedule),,,3,Wikipedia: 1916 Oklahoma Sooners football team,,,,,,,,,,,,,0,,0
1917,Bennie Owen,Southwest Conference,6-4-1,,,FALSE,,,451,103,TRUE,N/A (not on schedule),,,3,Wikipedia: 1917 Oklahoma Sooners football team,,,,,,,,,,,,,0,,0
1918,Bennie Owen,Southwest Conference,6-0,,,FALSE,,,278,7,N/A (not on schedule),N/A (not on schedule),,,3,Wikipedia: 1918 Oklahoma Sooners football team,,,,,,,,,,,,,0,,0
1919,Bennie Owen,Southwest Conference,5-2-3,,,FALSE,,,275,63,TRUE,N/A (not on schedule),,,3,Wikipedia: 1919 Oklahoma Sooners football team,,,,,,,,,,,,,0,,0
1920,Bennie Owen,Missouri Valley Conference,6-0-1,,,TRUE,,,176,51,N/A (not on schedule),N/A (not on schedule),,,3,Wikipedia: 1920 Oklahoma Sooners football team,,,,,,,,,,,,,0,,0
1921,Bennie Owen,Missouri Valley Conference,5-3,,,FALSE,,,127,102,N/A (not on schedule),N/A (not on schedule),,,3,Wikipedia: 1921 Oklahoma Sooners football team,,,,,,,,,,,,,0,,0
1922,Bennie Owen,Missouri Valley Conference,2-3-3,,,FALSE,,,66,114,FALSE,N/A (not on schedule),,,3,Wikipedia: 1922 Oklahoma Sooners football team,,,,,,,,,,,,,0,,0
1923,Bennie Owen,Missouri Valley Conference,3-5,,,FALSE,,,144,111,FALSE,N/A (not on schedule),,,3,Wikipedia: 1923 Oklahoma Sooners football team,,,,,,,,,,,,,0,,0
1924,Bennie Owen,Missouri Valley Conference,2-5-1,,,FALSE,,,28,80,N/A (not on schedule),N/A (not on schedule),,,3,Wikipedia: 1924 Oklahoma Sooners football team,,,,,,,,,,,,,0,,0
1925,Bennie Owen,Missouri Valley Conference,4-3-1,,,FALSE,,,93,44,N/A (not on schedule),N/A (not on schedule),,,3,Wikipedia: 1925 Oklahoma Sooners football team,,,,,,,,,,,,,0,,0
1926,Bennie Owen,Missouri Valley Conference,5-2-1,,,FALSE,,,137,52,N/A (not on schedule),N/A (not on schedule),,,3,Wikipedia: 1926 Oklahoma Sooners football team,,,,,,,,,,,,,0,,0
1927,Adrian Lindsey,Missouri Valley Conference,3-3-2,,,FALSE,,,117,101,N/A (not on schedule),N/A (not on schedule),,,3,Wikipedia: 1927 Oklahoma Sooners football team,,,,,,,,,,,,,0,,0
1928,Adrian Lindsey,Big Six Conference,5-3,,,FALSE,,,119,88,N/A (not on schedule),N/A (not on schedule),,,3,Wikipedia: 1928 Oklahoma Sooners football team,,,,,,,,,,,,,0,,0
1929,Adrian Lindsey,Big Six Conference,3-3-2,,,FALSE,,,81,81,FALSE,N/A (not on schedule),,,3,Wikipedia: 1929 Oklahoma Sooners football team,,,,,,,,,,,,,0,,0
1930,Adrian Lindsey,Big Six Conference,4-3-1,,,FALSE,,,100,57,FALSE,N/A (not on schedule),,,3,Wikipedia: 1930 Oklahoma Sooners football team,,,,,,,,,,,,,0,,0
1931,Adrian Lindsey,Big Six Conference,4-7-1,,,FALSE,,,88,108,FALSE,N/A (not on schedule),,,3,Wikipedia: 1931 Oklahoma Sooners football team,,,,,,,,,,,,,0,,0
1932,Lewie Hardage,Big Six Conference,4-4-1,,,FALSE,,,90,82,FALSE,N/A (not on schedule),,,3,Wikipedia: 1932 Oklahoma Sooners football team,,,,,,,,,,,,,0,,0
1933,Lewie Hardage,Big Six Conference,4-4-1,,,FALSE,,,82,70,TRUE,N/A (not on schedule),,,3,Wikipedia: 1933 Oklahoma Sooners football team,,,,,,,,,,,,,0,,0
1934,Lewie Hardage,Big Six Conference,3-4-2,,,FALSE,,,64,43,FALSE,N/A (not on schedule),,,3,Wikipedia: 1934 Oklahoma Sooners football team,,,,,,,,,,,,,0,,0
1935,Biff Jones,Big Six Conference,6-3,,,FALSE,,,99,44,FALSE,N/A (not on schedule),,,3,Wikipedia: 1935 Oklahoma Sooners football team,,,,,,,,,,,,,0,,0
1936,Biff Jones,Big Six Conference,3-3-3,,,FALSE,,,84,67,FALSE,N/A (not on schedule),,,3,Wikipedia: 1936 Oklahoma Sooners football team,,,,,,,,,,,,,0,,0
1937,Tom Stidham,Big Six Conference,5-2-2,,,FALSE,,,98,39,FALSE,N/A (not on schedule),,,3,Wikipedia: 1937 Oklahoma Sooners football team,,,,,,,,,,,,,0,,0
1938,Tom Stidham,Big 6,10-1,4,,TRUE,Orange Bowl,L,185,29,TRUE,N/A (not on schedule),,,3,Wikipedia: 1938 Oklahoma Sooners football team bowl result: L 0–17 vs. Tennessee (Orange Bowl),,,,,,,,,,,,Waddy Young (End),1,,0
1939,Tom Stidham,Big Six Conference,6-2-1,19,,FALSE,,,186,62,TRUE,N/A (not on schedule),,,3,Wikipedia: 1939 Oklahoma Sooners football team,,,,,,,,,,,,,0,,0
1940,Tom Stidham,Big Six Conference,6-3,,,FALSE,,,121,105,FALSE,N/A (not on schedule),,,3,Wikipedia: 1940 Oklahoma Sooners football team,,,,,,,,,,,,,0,,0
1941,Dewey Luster,Big Six Conference,6-3,,,FALSE,,,218,95,FALSE,N/A (not on schedule),,,3,Wikipedia: 1941 Oklahoma Sooners football team,,,,,,,,,,,,,0,,0
1942,Dewey Luster,Big Six Conference,3-5-2,,,FALSE,,,135,78,FALSE,N/A (not on schedule),,,3,Wikipedia: 1942 Oklahoma Sooners football team,,,,,,,,,,,,,0,,0
1943,Dewey Luster,Big Six Conference,7-2,,,TRUE,,,187,92,FALSE,N/A (not on schedule),,,3,Wikipedia: 1943 Oklahoma Sooners football team,,,,,,,,,,,,,0,,0
1944,Dewey Luster,Big Six Conference,6-3-1,,,TRUE,,,227,149,FALSE,N/A (not on schedule),,,3,Wikipedia: 1944 Oklahoma Sooners football team,,,,,,,,,,,,,0,,0
1945,Dewey Luster,Big Six Conference,5-5,,,FALSE,,,169,138,FALSE,N/A (not on schedule),,,3,Wikipedia: 1945 Oklahoma Sooners football team,,,,,,,,,,,,,0,,0
1946,Jim Tatum,Big Six Conference,8-3,14,,CO-CHAMP,Gator Bowl,W,309,120,FALSE,N/A (not on schedule),,,3,Wikipedia: 1946 Oklahoma Sooners football team infobox 'champion' field also lists: Gator Bowl champion; bowl result: W 34–13 vs. NC State (Gator Bowl),,,,,,,,,,,,,0,,0
1947,Bud Wilkinson,Big Six Conference,7-2-1,16,,CO-CHAMP,,,194,161,FALSE,N/A (not on schedule),,,3,Wikipedia: 1947 Oklahoma Sooners football team,,,,,,,,,,,,,0,,0
1948,Bud Wilkinson,Big Seven Conference,10-1,5,"National Champion (HAF, CFRA)",TRUE,Sugar Bowl,W,350,121,TRUE,N/A (not on schedule),,,3,Wikipedia: 1948 Oklahoma Sooners football team infobox 'champion' field also lists: Sugar Bowl champion; bowl result: W 14–6  vs. North Carolina (Sugar Bowl),,,,,,,,,,,,Buddy Burris (Guard),1,,0
1949,Bud Wilkinson,Big Seven Conference,11-0,2,"National champion (BR, CFRA)",TRUE,Sugar Bowl,W,399,88,TRUE,N/A (not on schedule),,,3,Wikipedia: 1949 Oklahoma Sooners football team infobox 'champion' field also lists: Sugar Bowl champion; bowl result: W 35–0 vs. LSU (Sugar Bowl),,,,,,,,,,,,,0,,0
1950,Bud Wilkinson,Big Seven,10-1-0,1 (regular season; lost bowl),Consensus (AP+UP),TRUE,Sugar Bowl,L,352,148,TRUE,N/A (not on schedule),,Frankie Anderson; Buddy Jones; Leon Heath; Jim Weatherall (+1 unlisted),3,32-game win streak snapped by Kentucky in Sugar Bowl. OSU not yet an annual series opponent this year.,,,,,,,,,,,,Jim Weatherall (Tackle); Leon Heath (Fullback),2,,0
1951,Bud Wilkinson,Big Seven Conference,8-2,10,,TRUE,,,321,97,FALSE,N/A (not on schedule),,,3,Wikipedia: 1951 Oklahoma Sooners football team,,,,,,,,,,,,Jim Weatherall (Tackle),1,,0
1952,Bud Wilkinson,Big Seven Conference,8-1-1,4,,TRUE,,,407,141,TRUE,N/A (not on schedule),,,3,Wikipedia: 1952 Oklahoma Sooners football team,,,,,,,,,,,,"Billy Vessels (Halfback); Tom CatlinDespite being a first-team pick of five of the eight official selectors, Tom Catlin is not recognized by the NCAA as a consensus All-American. (Center)",2,,0
1953,Bud Wilkinson,Big Seven,9-1-1,4,Berryman National Champion (bowl-era pick),TRUE,Orange Bowl,W,293,90,TRUE,N/A (not on schedule),,Carl Allison Jr.; J.D. Roberts Sr.,3,"NEEDS MANUAL REVIEW: source only gave 4 of ~11 games (L to Notre Dame, T at Pitt, W at Texas, W over Maryland in Orange Bowl) -- 7 games missing so PF/PA and final record not computed. Source's stated '10-1-1' record doesn't reconcile with the 9-straight-wins-after-the-tie description; flagged rather than asserted. This is the start of the 47-game win streak.",,,,,,,,,,,,J. D. Roberts (Guard),1,,0
1954,Bud Wilkinson,Big Seven Conference,10-0,3,,TRUE,,,304,62,TRUE,N/A (not on schedule),,,3,Wikipedia: 1954 Oklahoma Sooners football team,,,,,,,,,,,,Kurt Burris (Center); Max Boydston (End),2,Kurt Burris,1
1955,Bud Wilkinson,Big Seven,11-0-0,1,Consensus,TRUE,Orange Bowl,,385,60,TRUE,N/A (not on schedule),,Tommy McDonald; Bo Bolinger,3,Part of the 47-game win streak (1953-1957). OSU not on this year's schedule per source page.,,,,,,,,,,,,Bo Bolinger (Guard),1,,0
1956,Bud Wilkinson,Big Seven,10-0-0,1,Consensus,TRUE,,,466,51,TRUE,N/A (not on schedule),,Jerry Tubbs (Heisman finalist); Bill Krisher; Tommy McDonald; Ed Gray,3,NEEDS MANUAL REVIEW: source page table was truncated after 2 games (only Texas and North Carolina scores captured) -- points_for/against and full opponent list not computable from what was pulled. No bowl game (Big Seven no-repeat rule).,,,,,,,,,,,,Jerry Tubbs (Center); Tommy McDonald (Back),2,Tommy McDonald; Jerry Tubbs,2
1957,Bud Wilkinson,Big Seven Conference,10-1,4,,TRUE,Orange Bowl,,333,89,TRUE,TRUE,,,3,Wikipedia: 1957 Oklahoma Sooners football team infobox 'champion' field also lists: Orange Bowl champion; bowl result: 48–21 vs. Duke (Orange Bowl),,,,,,,,,,,,Bill Krisher (Guard); Clendon Thomas (Back),2,,0
1958,Bud Wilkinson,Big Seven,10-1,5,,TRUE,Orange Bowl,W,300,55,FALSE,TRUE,,,3,"NEEDS MANUAL REVIEW: source page gave coach/conference/final rank and confirmed Big 7 + Orange Bowl champion, but record and full schedule were not present in what was pulled. Needs a direct re-pull or manual lookup. (Notable: this is the season the 47-game win streak ended, vs Notre Dame -- confirm date/score manually.)",,,,,,,,,,,,Bob Harrison (Center),1,,0
1959,Bud Wilkinson,Big Seven Conference,7-3,15,,TRUE,,,234,146,FALSE,TRUE,,,3,Wikipedia: 1959 Oklahoma Sooners football team,,,,,,,,,,,,,0,,0
1960,Bud Wilkinson,Big Eight Conference,3-6-1,,,FALSE,,,136,158,FALSE,TRUE,,,3,Wikipedia: 1960 Oklahoma Sooners football team,,,,,,,,,,,,,0,,0
1961,Bud Wilkinson,Big Eight Conference,5-5,,,FALSE,,,122,141,FALSE,TRUE,,,3,Wikipedia: 1961 Oklahoma Sooners football team,,,,,,,,,,,,,0,,0
1962,Bud Wilkinson,Big Eight Conference,8-3,8,,TRUE,Orange Bowl,L,267,61,FALSE,TRUE,,,3,Wikipedia: 1962 Oklahoma Sooners football team bowl result: L 0–17 vs. Alabama (Orange Bowl),,,,,,,,,,,,,0,,0
1963,Bud Wilkinson,Big Eight,8-2-0,10,,FALSE,,,236,137,FALSE,TRUE,,,3,Wilkinson's final season as head coach before retiring. Only losses were to #2 Texas and at #10 Nebraska.,,,,,,,,,,,,Jim Grisham (Fullback),1,,0
1964,Gomer Jones,Big Eight Conference,6-4-1,,,FALSE,Gator Bowl,L,207,170,FALSE,TRUE,,,3,Wikipedia: 1964 Oklahoma Sooners football team bowl result: L 19–36 vs. Florida State (Gator Bowl),,,,,,,,,,,,Ralph Neely (Tackle),1,,0
1965,Gomer Jones,Big Eight Conference,3-7,,,FALSE,,,106,150,FALSE,FALSE,,,3,Wikipedia: 1965 Oklahoma Sooners football team,,,,,,,,,,,,Carl McAdams (Linebacker),1,,0
1966,Jim Mackenzie,Big Eight Conference,6-4,,,FALSE,,,192,122,TRUE,FALSE,,,3,Wikipedia: 1966 Oklahoma Sooners football team,,,,,,,,,,,,,0,,0
1967,Chuck Fairbanks,Big Eight Conference,10-1,3,National Champion(Poling),TRUE,Orange Bowl,W,290,92,FALSE,TRUE,,,3,Wikipedia: 1967 Oklahoma Sooners football team infobox 'champion' field also lists: Orange Bowl champion; bowl result: W 26–24 vs. Tennessee (Orange Bowl),,,,,,,,,,,,Granville Liggins (Middle guard),1,Granville Liggins,1
1968,Chuck Fairbanks,Big Eight Conference,7-4,11,,CO-CHAMP,Astro-Bluebonnet Bowl,L,343,225,FALSE,TRUE,,,3,Wikipedia: 1968 Oklahoma Sooners football team bowl result: L 27–28 vs. SMU (Astro-Bluebonnet Bowl),,,,,,,,,,,,,0,,0
1969,Chuck Fairbanks,Big Eight,6-4-0,6,,CO-CHAMP,,,344,261,FALSE,TRUE,Steve Owens,,3,Co-conference champion despite 6-4 record. No bowl appearance.,,,,,,,,,,,,Steve Owens (Running backs),1,,0
1970,Chuck Fairbanks,Big Eight Conference,7-4-1,20,,FALSE,Astro-Bluebonnet Bowl,T,305,239,FALSE,TRUE,,,3,Wikipedia: 1970 Oklahoma Sooners football team bowl result: T 24–24 vs. Alabama (Astro-Bluebonnet Bowl),,,,,,,,,,,,,0,,0
1971,Chuck Fairbanks,Big Eight,11-1-0,2,,FALSE,Sugar Bowl,W,534,217,TRUE,TRUE,,Greg Pruitt; Jack Mildren; Jon Harrison,3,"'Game of the Century' loss to #1 Nebraska (31-35), Nov 25. Beat Auburn in Sugar Bowl.",,,,,,,,,,,,Greg Pruitt (Running back); Tom Brahaney (Center),2,Greg Pruitt,1
1972,Chuck Fairbanks,Big Eight Conference,11-1,2,,CO-CHAMP,Sugar Bowl,W,399,74,TRUE,TRUE,,,3,Wikipedia: 1972 Oklahoma Sooners football team infobox 'champion' field also lists: Sugar Bowl champion; bowl result: W 14–0 vs. Penn State (Sugar Bowl),,,,,,,,,,,,Greg Pruitt (Running back); Tom Brahaney (Center),2,Greg Pruitt,1
1973,Barry Switzer,Big Eight Conference,10-0-1,3,"National champion (CFRA, Sagarin)",TRUE,,,400,133,TRUE,TRUE,,,3,Wikipedia: 1973 Oklahoma Sooners football team,,,,,,,,,,,,Lucious Selmon (Middle guard); Rod Shoate (Linebacker),2,,0
1974,Barry Switzer,Big Eight,11-0-0,1,Consensus (AP; on probation - no bowl/TV eligibility),TRUE,,,481,75,TRUE,TRUE,,"Joe Washington; Rod Shoate (+6 more, not individually listed by source)",3,"NCAA probation barred bowl/TV appearances; still voted AP champion after Alabama's Orange Bowl loss. UPI's coaches poll excluded postseason-ineligible teams that year, so its final poll named Alabama instead -- by the strict dual-poll definition this is AP-only, not dual-recognized, but it's counted among OU's 7 claimed national championships by the university's own and general convention. Scored as consensus here per that decision (confirmed 2026-09-08), not the literal AP+UP dual-recognition test applied elsewhere in this dataset.",,,,,,,,,,,,Rod Shoate (Linebacker); Joe Washington (Running back); John Roush (Offensive guard),3,Joe Washington,1
1975,Barry Switzer,Big Eight (co-champ),11-1-0,1,Consensus,CO-CHAMP,Orange Bowl,W,344,154,TRUE,TRUE,,Lee Roy Selmon (Outland+Lombardi); Dewey Selmon; Billy Brooks; Joe Washington; Tinker Owens; Mike Vaughan; Jimbo Elrod,3,"Only loss was mid-season at Kansas (3-23). Beat Nebraska for Big 8 title, then Michigan in Orange Bowl.",,,,,,,,,,,,Lee Roy Selmon (Defensive tackle); Dewey Selmon (Middle guard); Jimbo Elrod (Defensive end),3,Joe Washington,1
1976,Barry Switzer,Big Eight Conference,9-2-1,5,,CO-CHAMP,Fiesta Bowl,W,326,192,FALSE,FALSE,,,3,Wikipedia: 1976 Oklahoma Sooners football team infobox 'champion' field also lists: Fiesta Bowl champion; bowl result: W 41–7 vs. Wyoming (Fiesta Bowl),,,,,,,,,,,,Mike Vaughan (Offensive tackle),1,,0
1977,Barry Switzer,Big Eight Conference,10-2,7,,TRUE,Orange Bowl,L,401,217,FALSE,TRUE,,,3,Wikipedia: 1977 Oklahoma Sooners football team bowl result: L 6–31 vs. Arkansas (Orange Bowl),,,,,,,,,,,,Zac Henderson (Defensive back),1,,0
1978,Barry Switzer,Big Eight,11-1-0,3,National champion (8 selectors),CO-CHAMP,Orange Bowl,W,471,175,TRUE,TRUE,Billy Sims,,3,Only regular-season loss was at Nebraska; avenged it 31-24 in Orange Bowl rematch.,,,,,,,,,,,,Greg Roberts (Guards); Billy Sims (Running backs),2,,0
1979,Barry Switzer,Big Eight Conference,11-1,3,,TRUE,Orange Bowl,W,406,145,FALSE,TRUE,,,3,Wikipedia: 1979 Oklahoma Sooners football team infobox 'champion' field also lists: Orange Bowl champion; bowl result: W 24–7 vs. Florida State (Orange Bowl),,,,,,,,,,,,Billy Sims (Running backs); George Cumby (Linebackers),2,Billy Sims,1
1980,Barry Switzer,Big Eight,10-2-0,3,,TRUE,Orange Bowl,W,396,209,FALSE,TRUE,,Terry Crouch; Louis Oubre,3,"NEEDS MANUAL REVIEW: 5 of 12 game scores missing from source (Stanford loss, Texas loss, Kansas State win, Kansas win, Orange Bowl vs Florida State win all lack scores) -- PF/PA not computed. beat_texas is a confirmed loss, not missing.",,,,,,,,,,,,Louis Oubre (Guards),1,,0
1981,Barry Switzer,Big Eight,7-4-1,20,,FALSE,Sun Bowl,W,341,193,FALSE,TRUE,,,3,"Fell from preseason #2 to a final #20 after four losses (USC, Texas, Missouri, Nebraska); recovered to win the Sun Bowl over Houston.",,,,,,,,,,,,Terry Crouch (Offensive tackle),1,,0
1982,Barry Switzer,Big Eight Conference,8-4,16,,FALSE,Fiesta Bowl,L,317,203,TRUE,TRUE,,,3,Wikipedia: 1982 Oklahoma Sooners football team bowl result: L 21–32 vs. Arizona State (Fiesta Bowl),,,,,,,,,,,,Rick Bryan (Def. tackle),1,,0
1983,Barry Switzer,Big Eight Conference,8-4,,,FALSE,,,312,222,FALSE,TRUE,,,3,Wikipedia: 1983 Oklahoma Sooners football team,,,,,,,,,,,,Rick Bryan (Def. tackle),1,,0
1984,Barry Switzer,Big Eight Conference,9-2-1,6,,CO-CHAMP,Orange Bowl,L,306,164,FALSE,TRUE,,,3,Wikipedia: 1984 Oklahoma Sooners football team bowl result: L 17–28 vs. Washington (Orange Bowl),,,,,,,,,,,,Tony Casillas (Defensive tackle),1,,0
1985,Barry Switzer,Big Eight,11-1-0,1,Consensus,TRUE,Orange Bowl,W,371,103,TRUE,TRUE,,,3,Only loss to Miami (14-27) at home. Beat Penn State in Orange Bowl for the title.,,,,,,,,,,,,Tony Casillas (Defensive tackle); Brian Bosworth (Linebacker),2,,0
1986,Barry Switzer,Big Eight,11-1-0,3,Orange Bowl Champion (not a national title year),TRUE,Orange Bowl,W,508,81,TRUE,TRUE,,Brian Bosworth; Sonny Brown; Spencer Tillman,3,"Defense recorded 5 shutouts, led nation in all 4 major defensive categories. Only loss was at Miami (16-28).",,,,,,,,,,,,Keith Jackson (Tight end); Brian Bosworth (Linebacker),2,Brian Bosworth,1
1987,Barry Switzer,Big Eight,11-1-0,3,,TRUE,Orange Bowl,L,414+,82+,TRUE,TRUE,,Rickey Dixon (Jim Thorpe Award); Mark Hutson; Keith Jackson; Dante Jones; Darrell Reed,3,NEEDS MANUAL REVIEW: Orange Bowl score vs Miami listed by source as '20-14' with score-order ambiguous -- PF/PA totals above exclude that game pending confirmation of which number was OU's.,,,,,,,,,,,,Mark Hutson (Offensive guard); Keith Jackson (Tight end); Rickey Dixon (Defensive back); Dante Jones (Linebacker),4,,0
1988,Barry Switzer,Big Eight,9-3-0,10,,FALSE,Florida Citrus Bowl,L,349,154,TRUE,TRUE,,,3,Switzer's final season. Program placed on NCAA probation; Switzer resigned June 1989 following the Charles Thompson arrest.,,,,,,,,,,,,Anthony Phillips (Offensive guard),1,,0
1989,Gary Gibbs,Big Eight Conference,7-4,,,FALSE,,,380,200,FALSE,TRUE,,,3,Wikipedia: 1989 Oklahoma Sooners football team,,,,,,,,,,,,,0,,0
1990,Gary Gibbs,Big Eight Conference,8-3,17,,FALSE,,,401,174,FALSE,TRUE,,,3,Wikipedia: 1990 Oklahoma Sooners football team,,,,,,,,,,,,,0,,0
1991,Gary Gibbs,Big Eight Conference,9-3,16,,FALSE,Gator Bowl,W,383,157,FALSE,TRUE,,,3,Wikipedia: 1991 Oklahoma Sooners football team infobox 'champion' field also lists: Gator Bowl champion; bowl result: W 48–14 vs. Virginia (Gator Bowl),,,,,,,,,,,,,0,,0
1992,Gary Gibbs,Big Eight Conference,5-4-2,,,FALSE,,,271,196,FALSE,FALSE,,,3,Wikipedia: 1992 Oklahoma Sooners football team,,,,,,,,,,,,,0,,0
1993,Gary Gibbs,Big Eight Conference,9-3,17,,FALSE,John Hancock Bowl,W,358,186,TRUE,TRUE,,,3,Wikipedia: 1993 Oklahoma Sooners football team infobox 'champion' field also lists: John Hancock Bowl champion; bowl result: W 41–10 vs. Texas Tech (John Hancock Bowl),,,,,,,,,,,,,0,,0
1994,Gary Gibbs,Big Eight Conference,6-6,,,FALSE,Copper Bowl,L,224,269,FALSE,TRUE,,,3,Wikipedia: 1994 Oklahoma Sooners football team bowl result: L 6–31 vs. BYU (Copper Bowl),,,,,,,,,,,,,,,0
1995,Howard Schnellenberger,Big Eight Conference,5-5-1,,,FALSE,,,233,275,FALSE,FALSE,,,3,Wikipedia: 1995 Oklahoma Sooners football team,,,,,,,,,,,,,,,0
1996,John Blake,Big 12 Conference,3-8,,,FALSE,,,255,392,TRUE,TRUE,,,3,Wikipedia: 1996 Oklahoma Sooners football team,,,,,,,,,,,,,,,0
1997,John Blake,Big 12 Conference,4-8,,,FALSE,,,232,379,FALSE,FALSE,,,3,Wikipedia: 1997 Oklahoma Sooners football team,,,,,,,,,,,,,,,0
1998,John Blake,Big 12 Conference,5-6,,,FALSE,,,184,229,FALSE,FALSE,,,3,Wikipedia: 1998 Oklahoma Sooners football team,,,,,,,,,,,,,,,0
1999,Bob Stoops,Big 12 Conference,7-5,,,FALSE,Independence Bowl,L,430,229,FALSE,TRUE,,,3,Wikipedia: 1999 Oklahoma Sooners football team bowl result: L 25–27 vs. Ole Miss (Independence Bowl),,,,,,,,,,,,,,,0
2000,Bob Stoops,Big 12,13-0-0,1,BCS National Champion,TRUE,Orange Bowl (BCS NCG),W,482,194,TRUE,TRUE,,Rocky Calmus; Josh Heupel; J.T. Thatcher,1,"First OU title since 1985. Beat #1 Nebraska in the regular season, then #2 Florida State in the Orange Bowl/BCS title game.",,,,,,,,,,,,,,Josh Heupel,1
2001,Bob Stoops,Big 12 Conference,11-2,6,,FALSE,Cotton Bowl Classic,W,397,169,TRUE,FALSE,,,3,Wikipedia: 2001 Oklahoma Sooners football team infobox 'champion' field also lists: Cotton Bowl Classic champion; bowl result: W 10–3 vs. Arkansas (Cotton Bowl Classic),,,,,,,,,,,,,,,0
2002,Bob Stoops,Big 12 Conference,12-2,5,,TRUE,Rose Bowl,W,541,216,TRUE,FALSE,,,3,Wikipedia: 2002 Oklahoma Sooners football team infobox 'champion' field also lists: Big 12 South Division co-champion; Rose Bowl champion; bowl result: W 34–14 vs. Washington State (Rose Bowl),,,,,,,,,,,,Tommie Harris (Defensive line); Teddy Lehman (Linebacker),2,,0
2003,Bob Stoops,Big 12,12-2-0,3,National champion (Berryman QPRS),FALSE,Sugar Bowl (BCS NCG),L,601,214,TRUE,TRUE,Jason White,,1,NEEDS MANUAL REVIEW: source summary stated record as '12-1' while separately listing losses to both Kansas State (Big 12 title game) and LSU (BCS title game) -- true final record should be 12-2; flagging for confirmation rather than asserting.,,,,,,,,,,,,Jason White (Quarterback); Tommie Harris (Defensive line); Teddy Lehman (Linebacker); Derrick Strait (Defensive back); Antonio Perkins (Return specialist),5,,0
2004,Bob Stoops,Big 12 Conference,12-1,3,,TRUE,Orange Bowl (BCS NCG),L,452,219,TRUE,TRUE,,,3,Wikipedia: 2004 Oklahoma Sooners football team infobox 'champion' field also lists: Big 12 South Division champion; bowl result: L 19–55 vs. USC (Orange Bowl (BCS NCG)),,,,,,,,,,,,Adrian Peterson (Running back); Jammal Brown (Offensive line),2,Adrian Peterson,1
2005,Bob Stoops,Big 12 Conference,8-4,22,,FALSE,Holiday Bowl,W,323,277,FALSE,TRUE,,,1,Wikipedia: 2005 Oklahoma Sooners football team infobox 'champion' field also lists: Holiday Bowl champion; bowl result: W 17–14 vs. Oregon (Holiday Bowl),0.039675606091541964,-0.0036890723888197566,0.36275695284159615,0.32922318125770655,19,30.9,11.9,4257,2130,2304,28,,0,,0
2006,Bob Stoops,Big 12 Conference,11-3,11,,TRUE,Fiesta Bowl,L,424,242,FALSE,TRUE,,,1,Wikipedia: 2006 Oklahoma Sooners football team infobox 'champion' field also lists: Big 12 South Division champion; bowl result: L 42–43 OT vs. Boise State (Fiesta Bowl),0.05118252480250351,-0.03250154080370187,0.41244239631336405,0.3514792899408284,23.5,34.3,12.5,5162,2480,2786,36,,0,,0
2007,Bob Stoops,Big 12 Conference,11-3,8,,TRUE,Fiesta Bowl,L,592,284,TRUE,TRUE,,,1,Wikipedia: 2007 Oklahoma Sooners football team infobox 'champion' field also lists: Big 12 South Division champion; bowl result: L 28–48 vs. West Virginia (Fiesta Bowl),0.10899119205035951,0.0020382452817939156,0.4434589800443459,0.37072649572649574,30.9,44.7,16.2,5379,2679,3678,20,Duke Robinson (Offensive lineman); Curtis Lofton (Linebacker),2,,0
2008,Bob Stoops,Big 12,12-2-0,2,,TRUE,BCS National Championship Game,L,716,343,FALSE,TRUE,Sam Bradford,,1,"NEEDS MANUAL REVIEW: same record-vs-losses inconsistency as 2003 (source said '12-1 (7-1)' but lists losses to both Texas and Florida) -- true final record should be 12-2. PF of 716 matches the cited NCAA scoring record, so game-level totals are trustworthy even though the W-L summary needs a check.",0.1499205958983832,0.021786415425355473,0.46712463199214915,0.3711018711018711,32.4,52.3,18.1,7670,2779,4988,11,Sam Bradford (Quarterback); Duke Robinson (Guards),2,,0
2009,Bob Stoops,Big 12 Conference,8-5,,,FALSE,Sun Bowl,W,404,189,FALSE,TRUE,,,1,Wikipedia: 2009 Oklahoma Sooners football team infobox 'champion' field also lists: Sun Bowl champion; bowl result: W 31–27 vs. Stanford (Sun Bowl),0.01859054698494195,-0.06491261440962244,0.39568345323741005,0.31812865497076026,22.3,31.4,8.6,5510,1750,3880,26,Trent Williams (Offensive tackle); Gerald McCoy (Defensive tackle),2,,0
2010,Bob Stoops,Big 12 Conference,12-2,6,,TRUE,Fiesta Bowl,W,521,305,TRUE,TRUE,,,1,Wikipedia: 2010 Oklahoma Sooners football team infobox 'champion' field also lists: Big 12 South Division co-champion; Fiesta Bowl champion; bowl result: W 48–20 vs. Connecticut (Fiesta Bowl),0.04303822795410795,0.002871174389607812,0.4458653026427962,0.34173387096774194,23.5,37.8,15.9,6739,1932,5001,18,Ryan Broyles (Wide receiver); Quinton Carter (Safety),2,,0
2011,Bob Stoops,Big 12 Conference,10-3,16,,FALSE,Insight Bowl,W,514,287,TRUE,FALSE,,,1,Wikipedia: 2011 Oklahoma Sooners football team infobox 'champion' field also lists: Insight Bowl champion; bowl result: W 31–14 vs. Iowa (Insight Bowl),0.09377303505148586,0.005277641197745801,0.4714566929133858,0.35382955771305286,30.1,42.7,14.6,6660,2118,4639,29,Ryan Broyles (Wide receiver),1,,0
2012,Bob Stoops,Big 12 Conference,10-3,15,,CO-CHAMP,Cotton Bowl Classic,L,496,331,TRUE,TRUE,,,1,Wikipedia: 2012 Oklahoma Sooners football team bowl result: L 13–41 vs. Texas A&M (Cotton Bowl Classic),0.1372342510146916,0.06926424113735312,0.490625,0.37911464245175935,28.5,46,19.9,6472,2098,4374,20,,0,,0
2013,Bob Stoops,Big 12 Conference,11-2,6,,FALSE,Sugar Bowl,W,427,287,FALSE,TRUE,,,1,Wikipedia: 2013 Oklahoma Sooners football team infobox 'champion' field also lists: Sugar Bowl champion; bowl result: W 45–31 vs. Alabama (Sugar Bowl),0.06885116880559895,0.040162649059843035,0.42998897464167585,0.4,19.6,36.2,18.3,5499,2911,2588,16,Gabe Ikard (Offensive line),1,,0
2014,Bob Stoops,Big 12 Conference,8-5,,,FALSE,Russell Athletic Bowl,L,473,337,TRUE,FALSE,,,1,Wikipedia: 2014 Oklahoma Sooners football team bowl result: L 6–40 vs. Clemson (Russell Athletic Bowl),0.21062882202890298,0.09195162034144652,0.4617801047120419,0.3971340839303992,19.2,39.9,22.2,6041,3395,2646,24,,0,,0
2015,Bob Stoops,Big 12,11-2-0,5,,TRUE,Orange Bowl (CFP Semifinal),L,566,286,FALSE,TRUE,,Ty Darlington (Academic All-American),1,Big 12 champion (9th title); lost CFP semifinal to Clemson in the Orange Bowl 17-37. Baker Mayfield's breakout year before his Heisman season.,0.26855865735263595,0.07487073802926048,0.4839650145772595,0.3946322067594433,22.7,41.7,19.3,6893,2887,4006,18,,0,,0
2016,Bob Stoops,Big 12,11-2-0,5,,TRUE,Sugar Bowl,W,571,375,TRUE,TRUE,,,1,"11th Big 12 title (2nd straight), Stoops' 10th conference title in 18 seasons. Lost non-conference to Houston and Ohio State early, then won 9 straight conference games plus the Sugar Bowl over Auburn. Missed the CFP despite the run.",0.3759432423191984,0.18988648900813307,0.5098445595854922,0.41683778234086244,26.1,48.7,22.9,7212,3078,4134,17,Dede Westbrook (Wide receiver),1,Dede Westbrook; Baker Mayfield,2
2017,Lincoln Riley,Big 12,12-2-0,3,,TRUE,Rose Bowl (CFP Semifinal),L,632,379,TRUE,TRUE,Baker Mayfield,,1,"Riley's debut season. Lost to Iowa State in October, then to Georgia in 2OT in the Rose Bowl/CFP semifinal.",0.4188864886483956,0.14253194510001452,0.531850353892821,0.4039460020768432,25.5,49.8,24.2,8114,3049,5065,13,Baker Mayfield (Quarterback); Mark Andrews (Tight end); Orlando Brown Jr. (Offensive line),3,,0
2018,Lincoln Riley,Big 12,12-2-0,4,,TRUE,Orange Bowl (CFP Semifinal),L,667,454,"SPLIT (lost regular season 45-48, won Big 12 title game 39-27)",TRUE,Kyler Murray,,1,"First school with back-to-back QB Heisman winners (Mayfield '17, Murray '18). Lost to Alabama in Orange Bowl/CFP semifinal.",0.48060782663398344,0.2797090429081351,0.5459401709401709,0.4760076775431862,24.9,54,30,7991,3468,4523,12,Ben Powers (Offensive Line),1,,0
2019,Lincoln Riley,Big 12 Conference,12-2,7,,TRUE,Peach Bowl (CFP semifinal),L,590,382,TRUE,TRUE,,,1,Wikipedia: 2019 Oklahoma Sooners football team bowl result: L 28–63 vs. LSU (Peach Bowl (CFP semifinal)),0.40054844930031686,0.15450302746721853,0.5395833333333333,0.41460674157303373,22.9,46.1,24.9,7525,3361,4164,19,CeeDee Lamb (Wide receiver),1,Jalen Hurts,1
2020,Lincoln Riley,Big 12 Conference,9-2,6,,TRUE,Cotton Bowl Classic,W,473,239,TRUE,TRUE,,,1,Wikipedia: 2020 Oklahoma Sooners football team infobox 'champion' field also lists: Cotton Bowl Classic champion; bowl result: W 55–20 vs. Florida (Cotton Bowl Classic),0.3208044304990558,0.08657670081684828,0.5045045045045045,0.3675675675675676,17.8,43,25.2,5442,1977,3465,14,,0,,0
2021,Lincoln Riley,Big 12 Conference,11-2,10,,FALSE,Alamo Bowl,W,508,335,TRUE,FALSE,,,1,Wikipedia: 2021 Oklahoma Sooners football team infobox 'champion' field also lists: Alamo Bowl champion; bowl result: W 47–32 vs. Oregon (Alamo Bowl),0.3375633439338174,0.1873294599341509,0.4812206572769953,0.4174972314507198,16.8,41.1,25.6,5863,2438,3425,13,,0,,0
2022,Brent Venables,Big 12 Conference,6-7,,,FALSE,Cheez-It Bowl,L,427,390,FALSE,TRUE,,,1,Wikipedia: 2022 Oklahoma Sooners football team bowl result: L 32–35 vs. Florida State (Cheez-It Bowl),0.20773713481010028,0.202478444027713,0.45387062566277836,0.43373493975903615,15.4,40.8,26.5,6169,2859,3310,15,,0,,0
2023,Brent Venables,Big 12 Conference,10-3,15,,FALSE,Alamo Bowl,L,542,305,TRUE,FALSE,,,1,Wikipedia: 2023 Oklahoma Sooners football team bowl result: L 24–38 vs. Arizona (Alamo Bowl),0.32535630547175637,0.07932783202503034,0.4941427050053248,0.380065717415115,15,38.5,22.6,6591,2368,4223,20,,0,,0
2024,Brent Venables,Southeastern Conference,6-7,,,FALSE,Armed Forces Bowl,L,312,280,FALSE,N/A (not on schedule),,,1,Wikipedia: 2024 Oklahoma Sooners football team bowl result: L 20–21 vs. Navy (Armed Forces Bowl),0.08696218938254188,0.05757133030436014,0.3922902494331066,0.3567110036275695,9.5,25.9,17.8,4311,2025,2286,21,Danny Stutsman (Linebacker),1,,0
2025,Brent Venables,Southeastern Conference,10-3,13,,FALSE,CFP First Round,L,341,201,FALSE,N/A (not on schedule),,,1,Wikipedia: 2025 Oklahoma Sooners football team bowl result: L 24–34 vs. Alabama (CFP First Round),0.10676333563471226,-0.015765056433670845,0.40364880273660203,0.3069544364508393,18.3,30.1,12.9,4609,1543,3066,16,,0,,0
