year,draft_picks_detail,draft_picks_r1_2,draft_picks_r3_7
1935,J. W. Wheeler (R2),1,0
1936,William Breeden (R3); Bo Hewes (R4); Red Conkright (R5),0,3
1937,Pete Smith (R3); Ed Parks (R9),0,1
1938,Waddy Young (R3); Hugh McCullough (R4); Earl Crowder (R10); Jim Thomas (R12); Gil Duggan (R15),0,2
1939,Dick Favor (R3); Jack Shirk (R4); Pop Ivy (R4); J. R. Manley (R9); Bob Seymour (R10); Al Coppage (R13); Justin Bowers (R13); Beryl Clark (R16); Ralph Stevenson (R18),0,3
1940,Hal Lahar (R9); Johnny Martin (R14),0,0
1941,Jack Jacobs (R2); Roger Eason (R3); Orville Matthews (R5); Marvin Whited (R15),1,2
1942,Homer Simmons (R10); Dub Lamb (R10); Bill Campbell (R17); Huel Hamm (R25),0,0
1943,Jim Tyree (R12); Ed Davis (R22); Clare Morford (R22); Max Fischer (R23); Joe Golding (R27),0,0
1944,W. G. Wooten (R3); Lee Kennon (R18); Stan Green (R25); Don Fauble (R28),0,1
1945,Thurman Tigart (R6); Tom Tallchief (R15); Derald Lebow (R23); John West (R32),0,1
1946,John Rapacz (R3); Buddy Burris (R5); Dave Wallace (R11); Charley Sarratt (R12); Jack Mitchell (R14); Wade Walker (R22); Bill Morris (R27),0,2
1947,Nute Trotter (R17); Ray Pearcy (R18),0,0
1948,Myrl Greathouse (R7); Jim Owens (R23),0,1
1949,George Thomas (R1); Stan West (R1); Leon Manley (R7); Dee Andros (R14); Darrell Royal (R20); George Brewer (R21),2,1
1950,Leon Heath (R1); Clair Mayes (R8); Nolan Lang (R9); Frankie Anderson (R11); Ed Lisak (R19),1,0
1951,Jim Weatherall (R2); Ed Rowland (R16),1,0
1952,Billy Vessels (R1); Eddie Crowder (R2); Buck McPhail (R3); Tom Catlin (R4); Dick Bowman (R15); Tom Carroll (R15),2,2
1953,Larry Grigg (R2); Marrill Green (R10); Roger Nelson (R14); J. D. Roberts (R17); Juel Sweatte (R30),1,0
1954,Max Boydston (R1); Kurt Burris (R1); Buddy Leake (R3); Bob Herndon (R16); Steve Champlin (R18); Carl Allison (R22),2,1
1955,Cecil Morris (R4); Bob Burris (R6); Bo Bolinger (R13); Joe Mobra (R20),0,2
1956,Jerry Tubbs (R1); Tommy McDonald (R3); Jimmy Harris (R5); Billy Pricer (R6); Ed Gray (R7); Bob Derrick (R12); Tom Emerson (R28),1,4
1957,Clendon Thomas (R2); Bill Krisher (R3); Doyle Jennings (R14); Dennit Morris (R18),1,1
1958,Dave Baker (R1); Bob Harrison (R2); Ross Coyle (R20),2,0
1959,Prentice Gautt (R2); Bobby Boyd (R10); Gilmer Lewis (R20),1,0
1960,Ron Hartline (R4); Mike McClellanMike McClellan was drafted in 1961 by the San Francisco 49ers (80th overall) and in 1962 by the New York Titans (237th overall). (R6); Phil LomanPhil Loman was drafted in 1961 by the Cleveland Browns (195th overall) and in 1962 by the San Diego Chargers (272nd overall). (R14); Mike McClellan (R30); Phil Loman (R34),0,2
1962,Jim Cook (R8); Dennis WardDennis Ward was drafted in 1963 by the Philadelphia Eagles of the NFL (116th overall) and the Kansas City Chiefs of the AFL (104th overall). (R9); Dennis Ward (R13); Joe Don Looney (R15); Paul Lea (R14),0,0
1963,Glen Condren (R11); John Garrett (R14),0,0
1964,Lance Rentzel (R2); Ralph Neely (R2); John Flynn (R5); Jim Grisham (R6); Rick McCurdy (R8); Larry Brown (R14); Ed McQuarters (R18),2,2
1965,Carl McAdams (R1); Mike Ringer (R10),1,0
1966,Jim Riley (R2); Ben Hart (R3); James Roy Jackson (R4); Eugene Ross (R9); Tom Stidham (R13),1,2
1967,Bob Kalsu (R8); Granville Liggins (R10); Ron Shotts (R11); 25 (R1969),0,0
1969,Steve Zabel (R1); Jim Files (R1); Steve Owens (R1); Ken Mendenhall (R5); Jack Porter (R8); Joe Killingsworth (R17),3,1
1970,John Watson (R7); Steve Casteel (R10); Monty Johnson (R17),0,1
1971,Jack Mildren (R2); Al Qualls (R8); Roy Bell (R9); John Shelley (R17),1,0
1972,Derland Moore (R2); Greg Pruitt (R2); Al Chandler (R2); Leon Crosswhite (R2); Joe Wylie (R4); Tom Brahaney (R5); Ken Jones (R7); Dan Ruster (R10); Dean Unruh (R12); Ray Hamilton (R14); Larry Roach (R17),4,3
1973,Durwood Keeton (R4); Gary Baccus (R5); Clyde Powers (R5); Ken Pope (R9); Eddie Foster (R12); David Smith (R14); Lucious Selmon (R16),0,3
1974,Rod Shoate (R2); Tony Peters (R4); Randy Hughes (R4); Kyle Davis (R5); John Carroll (R6); Wayne Hoffman (R8); Clyde Russell (R10); Jerry Arnold (R14); John Roush (R15); Grant Burget (R15),1,4
1975,Lee Roy Selmon (R1); Joe Washington (R1); Billy Brooks (R1); Dewey Selmon (R2); Tinker Owens (R4); Jimbo Elrod (R5); Tony DiRienzo (R8),4,2
1976,Horace Ivory (R2); Sidney Brown (R3); Mike Vaughan (R4); Jerry Anderson (R4); Jim Culbreath (R10),1,3
1977,Elvis Peacock (R1); Dave Hudgens (R3); Karl Baldischwiler (R7); Richard Murray (R11),1,2
1978,Greg Roberts (R2); Reggie Mathis (R2); Sam Claphan (R2); Kenny King (R3); Phil Tabor (R4); Victor Hicks (R5); Daryl Hunt (R6); Thomas Lott (R6); Uwe von Schamann (R7); Reggie Kinlaw (R12),3,6
1979,Billy Sims (R1); George Cumby (R1); Darrol Ray (R2); John Goodman (R2); Fred Nixon (R4); Paul Tabor (R5); Bud Hebert (R7); Barry Burget (R9); Mike Babb (R11),4,3
1980,David Overstreet (R1); Keith Gary (R1); Steve Rhodes (R4); Richard Turner (R4); Louis Oubre (R5); Ken Sitton (R8); J. C. Watts (R8); Forrest Valora (R11),2,3
1981,Bill Bechtold (R3); Terry Crouch (R5); Mike Reilly (R8); Lyndle Byford (R9),0,2
1982,Steve Haworth (R6); Weldon Ledbetter (R7); Stanley Wilson (R9); 14 (R1984),0,2
1983,Rick Bryan (R1); Jackie Shipp (R1); Bob Slater (R2); Scott Case (R2); Darryl Goodlow (R2); Thomas Benson (R2); Paul Parker (R12),6,0
1984,Steve Sewell (R1); Buster Rhymes (R4); Danny Bradley (R7); Chuck Thomas (R8); Jim Rockford (R12),1,2
1985,Tony Casillas (R1); Kevin Murphy (R2); Jeff Tupper (R5); Marcus Dupree (R12); 1 (R1987),2,1
1986,Steve Bryan (R5); Spencer Tillman (R5); Paul Migliazzo (R8),0,2
1987,Rickey Dixon (R1); Keith Jackson (R1); Dante Jones (R2); Mark Hutson (R3); Greg Johnson (R4); Lydell Carr (R4); Darrell Reed (R5); Troy Johnson (R5); Jon Phillips (R6); Derrick White (R6); Derrick Crudup (R7); Caesar Rentie (R7); Patrick Collins (R8),3,9
1988,Anthony Stafford (R6); Eric Mitchell (R6); Tony Woods (R8); Anthony Phillips (R12),0,2
1989,Kevin Thompson (R6); Leon Perry (R9); Ken McMichel (R12),0,1
1990,Adrian Cooper (R4); James Goode (R5); Frank Blevins (R7); Scott Evans (R8); Tom Backes (R10),0,3
1991,Joe Bowden (R5); Brian Brauninger (R6); Mike Gaddis (R6); Stacey Dillard (R6); Terry Ray (R6); Jason Belser (R8); Corey Mayfield (R10); Brandon Houston (R12); Chris Wilson (R12),0,5
1992,Darnell Walker (R7); Joey Mickey (R7),0,2
1993,Aubrey Beavers (R2); Rickey Brady (R6),1,1
1995,Cedric Jones (R1); Jerald Moore (R3); Darrius Johnson (R4); Harry Stamps (R5); Wendell Davis (R6); J. R. Conrad (R7),1,5
1996,Barron Tanner (R5); Rod Manuel (R6),0,2
1997,Stephen Alexander (R2); Martin Chase (R5); Travian Smith (R5); Sammy Williams (R6),1,3
1998,Jermaine Fazande (R2); De'Mond Parker (R5); Kelly Gregg (R6),1,2
1999,Stockar McDougle (R1); William Bartee (R2),2,0
2000,Torrance Marshall (R3); Josh Heupel (R6),0,2
2001,Roy Williams (R1); Rocky Calmus (R3),1,1
2002,Andre Woolfolk (R1); Quentin Griffin (R4); Jimmy Wilkerson (R6); Trent Smith (R7),1,3
2003,Tommie Harris (R1); Teddy Lehman (R2); Derrick Strait (R3),2,1
2004,Jammal Brown (R1); Mark Clayton (R1); Brodney Pool (R2); Mark Bradley (R2); Dan Cody (R2); Brandon Jones (R3); Antonio Perkins (R4); Donte Nicholson (R5); Mike Hawkins (R5); Lance Mitchell (R5); Wes Sims (R6),5,6
2005,Davin Joseph (R1); Chris Chester (R2); Dusty Dvoracek (R3); Travis Wilson (R3); Clint Ingram (R3); J. D. Runnels (R6),2,4
2006,Adrian Peterson (R1); Rufus Alexander (R6); C. J. Ah You (R7),1,2
2007,Curtis Lofton (R2); Malcolm Kelly (R2); Reggie Smith (R3); Allen Patrick (R7),2,2
2008,Phil Loadholt (R2); Juaquin Iglesias (R3); Nic Harris (R5); Duke Robinson (R5); Manuel Johnson (R7),1,4
2009,Sam Bradford (R1); Gerald McCoy (R1); Trent Williams (R1); Jermaine Gresham (R1); Keenan Clayton (R4); Dominique Franks (R5); Brody Eldridge (R5),4,3
2010,DeMarco Murray (R3); Quinton Carter (R4); Jonathan Nelson (R7); Jeremy Beal (R7),0,4
2011,Ryan Broyles (R2); Donald Stephenson (R3); Jamell Fleming (R3); Frank Alexander (R4); Ronnell Lewis (R4); James Hanna (R6); Travis Lewis (R7),1,6
2012,Lane Johnson (R1); Landry Jones (R4); Kenny Stills (R5); Justin Brown (R6); Stacy McGee (R6); David King (R7),1,5
2013,Jalen Saunders (R4); Aaron Colvin (R4); Corey Nelson (R7); Trey Millard (R7),0,4
2014,Jordan Phillips (R2); Geneo Grissom (R3); Daryl Williams (R4); Blake Bell (R4); Tyrus Thompson (R6); Aaron Ripkowski (R6),1,5
2015,Sterling Shepard (R2); Charles Tapper (R4); Zack Sanchez (R5); Devante Bond (R6),1,3
2016,Joe Mixon (R2); Dede Westbrook (R4); Samaje Perine (R4); Jordan Evans (R6),1,3
2017,Baker Mayfield (R1); Orlando Brown (R3); Mark Andrews (R3); Ogbonnia Okoronkwo (R5),1,3
2018,Kyler Murray (R1); Marquise Brown (R1); Cody Ford (R2); Bobby Evans (R3); Dru Samia (R4); Ben Powers (R4); Austin Seibert (R5); Rodney Anderson (R6),3,5
2019,CeeDee Lamb (R1); Kenneth Murray (R1); Jalen Hurts (R2); Neville Gallimore (R3),3,1
2020,Creed Humphrey (R2); Ronnie Perkins (R3); Rhamondre Stevenson (R4); Tre Brown (R4); Tre Norwood (R7),1,4
2021,Nik Bonitto (R2); Brian Asamoah (R3); Perrion Winfrey (R4); Delarrin Turner-Yell (R5); Michael Woods II (R6); Isaiah Thomas (R7); Marquis Hayes (R7),1,6
2022,Anton Harrison (R1); Marvin Mims (R2); Wanya Morris (R3); Eric Gray (R5); Brayden Willis (R7),2,3
2023,Tyler Guyton (R1); Walter Rouse (R6); Jonah Laulu (R7),1,2
2024,Danny Stutsman (R4); Billy Bowman Jr. (R4),0,2
2025,R Mason Thomas (R2); Febechi Nwaiwu (R4); Gracen Halton (R4); Kendal Daniels (R4); Robert Spears-Jennings (R7); Jaren Kanak (R7); Deion Burks (R7),1,6
