year,game_order,date,opponent,site_text,home_away_guess,result,team_score,opp_score,notes
1895,1,December 14,Oklahoma City team,University campus,unknown,L,0,34,
1896,1,November 13,Norman High School,High school field,unknown,W,12,0,
1896,2,November 26,Norman High School,"Vacant field west of campus, south of Boyd Street",unknown,W,16,4,
1897,1,November 25,Oklahoma City Town Team,"Norman, Oklahoma Territory",home,W,16,0,
1897,2,December 31,,Fair grounds,unknown,W,16,8,
1898,1,November 4,Arkansas City Tigers,Athletic Park,unknown,W,5,0,
1898,2,November 24,Fort Worth University,"Norman, Oklahoma Territory",home,W,24,0,
1899,1,October 20,,"Norman, Oklahoma Territory",home,W,39,6,
1899,2,October 28,Arkansas,"Shawnee, Oklahoma Territory",unknown,W,11,5,
1899,3,November 30,Arkansas City Town Team,University campus,unknown,L,11,17,
1900,1,October 10,Texas,Varsity Athletic Field,unknown,L,2,28,
1900,2,October 13,,"Norman, Oklahoma Territory",home,W,27,0,
1900,3,November 2,Fort Reno,"Norman, Oklahoma Territory",home,W,79,0,
1900,4,November 17,,"Kingfisher, Oklahoma Territory",unknown,T,0,0,
1900,5,November 29,Arkansas City Town Team,"Arkansas City, KS",unknown,W,10,0,
1901,1,October 19,Texas,Varsity Athletic Field,unknown,L,6,12,
1901,2,October 21,Baylor,"Waco, TX",unknown,W,17,6,
1901,3,November 1,,University grounds,unknown,W,28,6,
1901,4,November 8,,University grounds,unknown,W,42,0,
1901,5,November 25,Texas,University grounds,unknown,L,0,11,
1902,1,September 29,Guthrie Athletic Club,"Norman, Oklahoma Territory",home,W,62,0,
1902,2,October 2,Texas,Varsity Athletic Field,unknown,L,6,22,
1902,3,October 4,Dallas Athletic Club,"Dallas, TX",unknown,L,6,11,
1902,4,October 13,Arkansas,University campus,unknown,W,28,0,
1902,5,October 25,Oklahoma City Athletic Association,"Norman, Oklahoma Territory",home,W,30,0,
1902,6,November 3,,"Kingfisher, Oklahoma Territory",unknown,W,15,0,
1902,7,November 12,Missouri,Rollins Field,unknown,L,5,22,
1902,8,November 14,,"Emporia, KS",unknown,W,6,5,
1902,9,November 17,Kingfisher,"Norman, Oklahoma Territory",home,W,17,0,
1903,1,October 3,Chilocco,"Norman, Oklahoma Territory",home,W,38,5,
1903,2,October 9,,"Kingfisher, Oklahoma Territory",unknown,T,0,0,
1903,3,October 17,Texas,Varsity Athletic Field,unknown,T,6,6,
1903,4,October 19,Texas A&M,"Bryan, TX",unknown,W,6,0,
1903,5,October 26,Fairmount,"Oklahoma City, Oklahoma Territory",unknown,W,11,5,
1903,6,October 31,,"Norman, Oklahoma Territory",home,T,6,6,
1903,7,November 7,Kansas,McCook Field,unknown,L,5,17,
1903,8,November 13,Texas,Colcord Park,unknown,L,5,11,
1903,9,November 19,Arkansas,The Hill,unknown,L,0,12,
1903,10,November 20,,"Joplin, MO",unknown,W,12,6,
1903,11,November 26,,Colcord Park,unknown,L,10,12,
1903,12,December 4,Lawton Town Team,"Lawton, Oklahoma Territory",unknown,W,27,5,
1904,1,October 10,,"Norman, Oklahoma Territory",home,T,0,0,
1904,2,October 14,Pauls Valley Town Team,"Pauls Valley, Oklahoma Territory",unknown,W,33,0,
1904,3,October 21,Kansas,"Norman, Oklahoma Territory",home,L,0,16,
1904,4,October 31,Lawton Town Team,"Lawton, Oklahoma Territory",unknown,W,6,0,
1904,5,November 5,Oklahoma A&M,Island Park,unknown,W,75,0,
1904,6,November 12,Texas,Clark Field,unknown,L,10,40,
1904,7,November 18,Oklahoma State Military Institute,"Norman, Oklahoma Territory",home,W,71,4,
1904,8,November 24,Bethany (KS),Colcord Park,unknown,L,9,36,
1905,1,September 30,,Boyd Field,unknown,W,28,0,
1905,2,October 16,Haskell,Boyd Field,unknown,W,18,12,
1905,3,October 21,Kansas,McCook Field,unknown,L,0,34,
1905,4,October 25,,Association Park,unknown,W,33,0,
1905,5,October 28,Washburn,"Topeka, KS",unknown,L,6,9,
1905,6,November 3,Texas,Colcord Park,unknown,W,2,0,
1905,7,November 11,,"Kingfisher, Oklahoma Territory",unknown,W,55,0,
1905,8,November 18,Central State (OK),"Edmond, Oklahoma Territory",unknown,W,58,0,
1905,9,November 30,,Sportsmans' Park,unknown,W,29,0,
1906,1,September 28,,Boyd Field,unknown,W,12,0,
1906,2,October 5,,Boyd Field,unknown,W,11,6,
1906,3,October 12,Oklahoma A&M,"Stillwater, Oklahoma Territory",unknown,W,23,0,
1906,4,October 20,Kansas,McCook Field,unknown,L,4,20,
1906,5,November 2,Texas,Sportsman's Park,unknown,L,9,10,
1906,6,November 9,Central State Normal,"Edmond, Oklahoma Territory",unknown,W,17,0,
1906,7,November 16,Pawahuska Town,Boyd Field,unknown,T,0,0,
1906,8,November 23,Sulphur Town,Boyd Field,unknown,W,48,0,
1906,9,November 29,,"Oklahoma City, Oklahoma Territory",unknown,T,0,0,
1907,1,October 4,,Boyd Field,unknown,W,32,0,
1907,2,October 11,,Arkansas City field,unknown,W,43,0,
1907,3,October 19,Kansas,Boyd Field,unknown,L,0,15,
1907,4,October 25,,"Oklahoma City, Oklahoma Territory",unknown,W,29,0,
1907,5,November 9,Oklahoma A&M,Boyd Field,unknown,W,67,0,
1907,6,November 12,Texas A&M,Kyle Field,unknown,L,0,19,
1907,7,November 15,Texas,Clark Field,unknown,L,10,29,
1907,8,November 28,,Boyd Field,unknown,L,0,12,
1908,1,September 25,,"Edmond, OK",unknown,W,51,5,
1908,2,October 3,Oklahoma A&M,"Stillwater, OK",unknown,W,18,0,
1908,3,October 10,,Boyd Field,unknown,W,51,0,
1908,4,October 17,Kansas,McCook Field,unknown,L,0,11,
1908,5,October 23,Kansas State,"Manhattan, KS",unknown,W,33,4,
1908,6,October 30,Arkansas,Boyd Field,unknown,W,27,5,
1908,7,November 5,,Boyd Field,unknown,W,24,0,
1908,8,November 13,Texas,Boyd Field,unknown,W,50,0,
1908,9,November 19,Fairmount,Boyd Field,unknown,W,12,4,
1908,10,November 24,,"Topeka, KS",unknown,T,6,6,
1909,1,September 23,,Boyd Field,unknown,W,55,0,
1909,2,October 2,,Boyd Field,unknown,W,46,5,
1909,3,October 9,Kansas,McCook Field,unknown,L,0,11,
1909,4,October 13,,Boyd Field,unknown,W,23,2,
1909,5,October 30,Arkansas,The Hill,unknown,L,6,21,
1909,6,November 5,,Boyd Field,unknown,W,42,8,
1909,7,November 13,Saint Louis,League Park,unknown,W,11,5,
1909,8,November 17,Texas A&M,Gaston Park,unknown,L,5,14,
1909,9,November 19,Texas,Clark Field,unknown,L,0,30,
1909,10,November 29,,Delmar Field,unknown,W,12,11,
1910,1,October 7,,"Kingfisher, OK",unknown,W,66,0,
1910,2,October 14,,"Edmond, OK",unknown,W,79,0,
1910,3,October 21,Oklahoma A&M,Boyd Field,unknown,W,12,0,
1910,4,October 28,Missouri,Boyd Field,unknown,L,0,26,
1910,5,November 12,Kansas,Boyd Field,unknown,L,0,2,
1910,6,November 24,Texas,Clark Field,unknown,W,3,0,
1910,7,December 2,,"Norman, OK",home,T,3,3,
1911,1,October 7,,Boyd Field,unknown,W,104,0,
1911,2,October 14,,Boyd Field,unknown,W,62,0,
1911,3,October 20,Oklahoma A&M,"Stillwater, OK",unknown,W,22,0,
1911,4,October 27,,Boyd Field,unknown,W,37,0,
1911,5,November 4,Missouri,Rollins Field,unknown,W,14,6,
1911,6,November 11,Kansas,McCook Field,unknown,W,3,0,
1911,7,November 22,,Boyd Field,unknown,W,34,6,
1911,8,November 30,Texas,Clark Field,unknown,W,6,3,
1912,1,October 5,,"Kingfisher, OK",unknown,W,40,0,
1912,2,October 11,,Boyd Field,unknown,W,87,0,
1912,3,October 19,Texas,Gaston Field,unknown,W,21,6,
1912,4,October 25,Missouri,Boyd Field,unknown,L,0,14,
1912,5,November 2,Kansas,McCook Field,unknown,W,6,5,
1912,6,November 11,Texas A&M,"Houston, TX",unknown,L,6,28,
1912,7,November 16,Oklahoma A&M,Boyd Field,unknown,W,16,0,
1912,8,November 23,Nebraska,Nebraska Field,unknown,L,9,13,
1912,9,November 28,Colorado,Broadway Park,unknown,L,12,14,
1913,1,September 27,,Boyd Field,unknown,W,74,0,
1913,2,October 4,,"Edmond, OK",unknown,W,83,0,
1913,3,October 11,,Boyd Field,unknown,W,101,0,
1913,4,October 18,Missouri,Rollins Field,unknown,L,17,20,
1913,5,November 1,Kansas,Boyd Field,unknown,W,21,7,
1913,6,November 10,Texas,West End Park,unknown,L,6,14,
1913,7,November 21,Oklahoma A&M,"Stillwater, OK",unknown,W,7,0,
1913,8,November 27,Colorado,Boyd Field,unknown,W,14,3,
1914,1,September 26,,Boyd Field,unknown,W,67,0,
1914,2,October 3,,"Kingfisher, OK",unknown,W,63,0,
1914,3,October 9,,Boyd Field,unknown,W,96,6,
1914,4,October 17,Missouri,Boyd Field,unknown,W,13,0,
1914,5,October 24,Texas,Fair Park Stadium,unknown,L,7,32,
1914,6,October 31,Kansas,McCook Field,unknown,T,16,16,
1914,7,November 6,Oklahoma A&M,Boyd Field,unknown,W,28,6,
1914,8,November 13,Kansas State,Ahearn Field,unknown,W,52,10,
1914,9,November 21,Arkansas,Fair Park,unknown,W,35,7,
1914,10,November 26,Haskell,Association Park,unknown,W,33,12,
1914,11,November 30,Kendall,"Tulsa, OK",unknown,W,26,7,
1915,1,September 25,,Boyd Field,unknown,W,67,0,
1915,2,October 2,,"Weatherford, OK",unknown,W,55,0,
1915,3,October 9,,Boyd Field,unknown,W,102,0,
1915,4,October 16,Missouri,Rollins Field,unknown,W,24,0,
1915,5,October 23,Texas,Fair Park Stadium,unknown,W,14,13,
1915,6,October 30,Kansas,Boyd Field,unknown,W,23,14,
1915,7,November 6,Kendall,Association Park,unknown,W,14,13,
1915,8,November 13,Arkansas,The Hill,unknown,W,23,0,
1915,9,November 19,Kansas State,Ahearn Field,unknown,W,21,7,
1915,10,November 25,Oklahoma A&M,"Oklahoma City, OK",unknown,W,26,7,
1916,1,September 23,,Fair Park,unknown,W,27,0,
1916,2,September 30,Oklahoma Catholic,Boyd Field,unknown,W,107,0,
1916,3,October 7,,Boyd Field,unknown,W,140,0,
1916,4,October 14,Kendall,Boyd Field,unknown,L,0,16,
1916,5,October 21,Texas,Fair Park Stadium,unknown,L,7,21,
1916,6,October 28,Missouri,Boyd Field,unknown,L,14,23,
1916,7,November 4,Kansas,McCook Field,unknown,L,13,21,
1916,8,November 11,,Boyd Field,unknown,W,96,0,
1916,9,November 18,Kansas State,Boyd Field,unknown,L,13,14,
1916,10,November 25,Arkansas,Municipal Stadium,unknown,W,14,13,
1916,11,November 30,Oklahoma A&M,Fair Park,unknown,W,41,7,
1917,1,September 22,,Fair Park,unknown,W,99,0,
1917,2,September 29,,Boyd Field,unknown,W,179,0,
1917,3,October 6,,Boyd Field,unknown,W,52,9,
1917,4,October 13,Illinois,Illinois Field,unknown,L,0,44,
1917,5,October 20,Texas,Fair Park Stadium,unknown,W,14,0,
1917,6,November 3,Missouri,Rollins Field,unknown,W,14,7,
1917,7,November 10,Kansas,Boyd Field,unknown,L,6,13,
1917,8,November 17,Arkansas,Municipal Stadium,unknown,T,0,0,
1917,9,November 24,Kendall,Boyd Field,unknown,W,80,0,
1917,10,November 29,Oklahoma A&M,Fair Park,unknown,L,0,9,
1917,11,December 15,Camp Doniphan,Fair Park,unknown,L,7,21,
1918,1,October 19,,Boyd Field,unknown,W,44,0,
1918,2,November 2,Post Field,Boyd Field,unknown,W,58,0,
1918,3,November 9,Kansas,McCook Field,unknown,W,33,0,
1918,4,November 16,Arkansas,Boyd Field,unknown,W,103,0,
1918,5,November 23,,Alton Field,unknown,W,13,7,
1918,6,November 28,Oklahoma A&M,Fair Park,unknown,W,27,0,
1919,1,September 27,,Boyd Field,unknown,W,40,0,
1919,2,October 4,,Boyd Field,unknown,W,157,0,
1919,3,October 11,Kendall,Boyd Field,unknown,L,0,27,
1919,4,October 18,Texas,Fair Park Stadium,unknown,W,12,7,
1919,5,October 25,Nebraska,Rourke Park,unknown,T,7,7,
1919,6,November 1,Missouri,Boyd Field,unknown,T,6,6,
1919,7,November 8,Kansas,McCook Field,unknown,T,0,0,
1919,8,November 15,Arkansas,The Hill,unknown,L,6,7,
1919,9,November 22,Kansas State,Ahearn Field,unknown,W,14,3,
1919,10,November 27,Oklahoma A&M,Western League Park,unknown,W,33,6,
1920,1,October 9,,Boyd Field,unknown,W,16,7,
1920,2,October 23,Washington University,Francis Field,unknown,W,24,14,
1920,3,October 30,Missouri,Rollins Field,unknown,W,28,7,
1920,4,November 6,Kansas,Boyd Field,unknown,W,21,9,
1920,5,November 13,Oklahoma A&M,Lewis Field,unknown,W,36,0,
1920,6,November 19,Kansas State,Ahearn Field,unknown,T,7,7,
1920,7,November 25,Drake,Boyd Field,unknown,W,44,7,
1921,1,October 8,,"Edmond, OK",unknown,W,21,0,
1921,2,October 15,Oklahoma A&M,Boyd Field,unknown,W,6,0,
1921,3,October 22,Washington University,Boyd Field,unknown,W,28,13,
1921,4,October 29,Nebraska,Nebraska Field,unknown,L,0,44,
1921,5,November 5,Kansas,Boyd Field,unknown,W,24,7,
1921,6,November 12,Missouri,Rollins Field,unknown,L,14,24,
1921,7,November 19,Kansas State,Ahearn Field,unknown,L,7,14,
1921,8,November 24,Rice,Rice Field,unknown,W,27,0,
1922,1,October 14,,Boyd Field,unknown,W,21,0,
1922,2,October 21,Kansas State,Boyd Field,unknown,T,7,7,
1922,3,October 28,Nebraska,Boyd Field,unknown,L,7,39,
1922,4,November 4,Kansas,Memorial Stadium,home,L,3,19,
1922,5,November 11,Missouri,Boyd Field,unknown,W,18,14,
1922,6,November 18,Texas,Boyd Field,unknown,L,7,32,
1922,7,November 25,Oklahoma A&M,Lewis Field,unknown,T,3,3,
1922,8,November 30,Washington University,Francis Field,unknown,T,0,0,
1923,1,October 13,Nebraska,Memorial Stadium,home,L,0,24,
1923,2,October 20,Washington University,Owen Field,home,W,62,7,
1923,3,October 27,Oklahoma A&M,Owen Field,home,W,12,0,
1923,4,November 3,Kansas,Owen Field,home,L,3,7,
1923,5,November 10,Missouri,Rollins Field,unknown,W,13,0,
1923,6,November 17,Texas,Clark Field,unknown,L,14,26,
1923,7,November 24,Kansas State,Memorial Stadium,home,L,20,21,
1923,8,November 29,Drake,Owen Field,home,L,20,26,
1924,1,October 4,,Owen Field,home,L,0,2,
1924,2,October 11,Nebraska,Owen Field,home,W,14,7,
1924,3,October 25,Drake,Drake Stadium,unknown,L,0,28,
1924,4,November 1,Oklahoma A&M,Lewis Field,unknown,L,0,6,
1924,5,November 8,Missouri,Owen Field,home,L,0,10,
1924,6,November 15,Kansas,Memorial Stadium,home,L,0,20,
1924,7,November 22,Washington University,Francis Field,unknown,W,7,0,
1924,8,November 26,Kansas State,Owen Field,home,T,7,7,
1925,1,October 3,Kansas State,Memorial Stadium,home,L,0,16,
1925,2,October 17,Drake,Oklahoma Memorial Stadium,home,W,7,0,
1925,3,October 24,SMU,Fair Park Stadium,unknown,W,9,0,
1925,4,October 31,Nebraska,Memorial Stadium,home,L,0,12,
1925,5,November 7,Kansas,Oklahoma Memorial Stadium,home,T,0,0,
1925,6,November 14,Missouri,Rollins Field,unknown,L,14,16,
1925,7,November 21,Washington University,Oklahoma Memorial Stadium,home,W,28,0,
1925,8,November 26,Oklahoma A&M,Oklahoma Memorial Stadium,home,W,35,0,
1926,1,October 9,Arkansas,Memorial Stadium,home,W,13,6,
1926,2,October 16,Drake,Drake Stadium,unknown,W,11,0,
1926,3,October 23,Kansas State,Memorial Stadium,home,L,12,15,
1926,4,October 30,Washington University,Francis Field,unknown,W,21,0,
1926,5,November 6,Missouri,Memorial Stadium,home,W,10,7,
1926,6,November 13,Kansas,Memorial Stadium,home,L,9,10,
1926,7,November 20,Saint Louis,Memorial Stadium,home,W,47,0,
1926,8,November 25,Oklahoma A&M,Lewis Field,unknown,T,14,14,
1927,1,October 8,Chicago,Stagg Field,unknown,W,13,7,
1927,2,October 15,Creighton,Memorial Stadium,home,T,13,13,
1927,3,October 22,Kansas State,Memorial Stadium,home,L,14,20,
1927,4,October 29,,"Edmond, OK",unknown,T,14,14,
1927,5,November 5,Washington University,Memorial Stadium,home,W,23,7,
1927,6,November 12,Kansas,Memorial Stadium,home,W,26,7,
1927,7,November 19,Oklahoma A&M,Memorial Stadium,home,L,7,13,
1927,8,November 24,Missouri,Memorial Stadium,home,L,7,20,
1928,1,October 6,Indiana,Memorial Stadium,home,L,7,10,
1928,2,October 13,Creighton,Memorial Stadium,home,W,7,0,
1928,3,October 27,Kansas State,Memorial Stadium,home,W,33,21,
1928,4,November 3,Iowa State,State Field,unknown,L,0,13,
1928,5,November 10,Nebraska,Memorial Stadium,home,L,6,44,
1928,6,November 17,Kansas,Memorial Stadium,home,W,7,0,
1928,7,November 24,Oklahoma A&M,Lewis Field,unknown,W,46,0,
1928,8,November 29,Missouri,Memorial Stadium,home,W,13,0,
1929,1,October 12,,Owen Field,home,W,26,0,
1929,2,October 19,Texas,Fair Park Stadium,unknown,L,0,21,
1929,3,October 26,Kansas State,Memorial Stadium,home,W,14,13,
1929,4,November 2,Iowa State,Memorial Stadium,home,W,21,7,
1929,5,November 9,Kansas,Memorial Stadium,home,L,0,7,
1929,6,November 16,Nebraska,Memorial Stadium,home,T,13,13,
1929,7,November 23,Oklahoma A&M,Memorial Stadium,home,T,7,7,
1929,8,November 28,Missouri,Memorial Stadium,home,L,0,13,
1930,1,October 4,New Mexico,Memorial Stadium,home,W,47,0,
1930,2,October 11,Nebraska,Memorial Stadium,home,W,20,7,
1930,3,October 18,Texas,Fair Park Stadium,unknown,L,7,17,
1930,4,October 25,Kansas State,Memorial Stadium,home,W,7,0,
1930,5,November 1,Iowa State,State Field,unknown,W,19,13,
1930,6,November 15,Kansas,Memorial Stadium,home,L,0,13,
1930,7,November 22,Oklahoma A&M,Lewis Field,unknown,L,0,7,
1930,8,November 27,Missouri,Memorial Stadium,home,T,0,0,
1931,1,October 3,Rice,Memorial Stadium,home,W,19,6,
1931,2,October 10,Nebraska,Memorial Stadium,home,L,0,13,
1931,3,October 17,Texas,Fair Park Stadium,unknown,L,0,3,
1931,4,October 24,Kansas State,Memorial Stadium,home,L,0,14,
1931,5,October 31,Iowa State,Memorial Stadium,home,L,12,13,
1931,6,November 7,Kansas,Memorial Stadium,home,W,10,0,
1931,7,November 14,Missouri,Memorial Stadium,home,L,0,7,
1931,8,November 26,Oklahoma A&M,Memorial Stadium,home,T,0,0,
1931,9,December 5,Oklahoma City,Goldbug Field,unknown,L,0,6,
1931,10,December 12,Tulsa,Skelly Field,unknown,W,20,7,
1931,11,December 25,Honolulu Town Stars,Honolulu Stadium,unknown,L,20,39,
1931,12,"January 1, 1932",Hawaii,Honolulu Stadium,unknown,W,7,0,
1932,1,October 1,Tulsa,Memorial Stadium,home,W,7,0,
1932,2,October 8,Kansas,Memorial Stadium,home,W,21,6,
1932,3,October 15,Texas,Fair Park Stadium,unknown,L,10,17,
1932,4,October 22,Kansas State,Memorial Stadium,home,W,20,13,
1932,5,October 29,Oklahoma A&M,Lewis Field,unknown,L,0,7,
1932,6,November 5,Missouri,Memorial Stadium,home,L,6,14,
1932,7,November 12,Iowa State,State Field,unknown,W,19,13,
1932,8,November 19,Nebraska,Memorial Stadium,home,L,0,5,
1932,9,November 24,George Washington,Griffith Stadium,unknown,T,7,7,
1933,1,September 30,Vanderbilt,Memorial Stadium,home,T,0,0,
1933,2,October 7,Tulsa,Skelly Field,unknown,L,6,20,
1933,3,October 14,Texas,Fair Park Stadium,unknown,W,9,0,
1933,4,October 21,Iowa State,Memorial Stadium,home,W,19,7,
1933,5,October 28,Nebraska,Memorial Stadium,home,L,7,16,
1933,6,November 4,Kansas,Memorial Stadium,home,W,20,0,
1933,7,November 11,Missouri,Memorial Stadium,home,W,21,0,
1933,8,November 18,Kansas State,Memorial Stadium,home,L,0,14,
1933,9,November 23,Oklahoma A&M,Memorial Stadium,home,L,0,13,
1934,1,October 6,Centenary,Memorial Stadium,home,W,7,0,
1934,2,October 13,Texas,Fair Park Stadium,unknown,L,0,19,
1934,3,October 20,Nebraska,Memorial Stadium,home,L,0,6,
1934,4,October 27,Kansas,Memorial Stadium,home,T,7,7,
1934,5,November 3,Missouri,Memorial Stadium,home,W,31,0,
1934,6,November 10,Iowa State,Clyde Williams Field,unknown,W,12,0,
1934,7,November 17,Kansas State,Memorial Stadium,home,L,7,8,
1934,8,November 22,Oklahoma A&M,Lewis Field,unknown,T,0,0,
1934,9,November 29,George Washington,Griffith Stadium,unknown,L,0,3,
1935,1,September 28,Colorado,Memorial Stadium,home,W,3,0,
1935,2,October 5,New Mexico,Memorial Stadium,home,W,25,0,
1935,3,October 12,Texas,Fair Park Stadium,unknown,L,7,12,
1935,4,October 19,Iowa State,Memorial Stadium,home,W,16,0,
1935,5,October 26,Nebraska,Memorial Stadium,home,L,0,19,
1935,6,November 2,Kansas,Memorial Stadium,home,L,0,7,
1935,7,November 9,Missouri,Memorial Stadium,home,W,20,6,
1935,8,November 16,Kansas State,Memorial Stadium,home,W,3,0,
1935,9,November 28,Oklahoma A&M,Memorial Stadium,home,W,25,0,
1936,1,September 26,Tulsa,Memorial Stadium,home,T,0,0,
1936,2,October 3,Colorado,Folsom Field,unknown,W,8,0,
1936,3,October 10,Texas,Fair Park Stadium,unknown,L,0,6,
1936,4,October 17,Kansas,Memorial Stadium,home,W,14,0,
1936,5,October 24,Nebraska,Memorial Stadium,home,L,0,14,
1936,6,October 31,Iowa State,State Field,unknown,T,7,7,
1936,7,November 7,Kansas State,Memorial Stadium,home,T,6,6,
1936,8,November 14,Missouri,Memorial Stadium,home,L,14,21,
1936,9,November 26,Oklahoma A&M,Lewis Field,unknown,W,35,13,
1937,1,September 25,Tulsa,Skelly Field,unknown,L,7,19,
1937,2,October 2,Rice,Memorial Stadium,home,W,6,0,
1937,3,October 9,Texas,Cotton Bowl,neutral,T,7,7,
1937,4,October 16,Nebraska,Memorial Stadium,home,T,0,0,
1937,5,October 23,Kansas,Owen Field,home,L,3,6,
1937,6,October 30,Kansas State,Memorial Stadium,home,W,19,0,
1937,7,November 6,Iowa State,Memorial Stadium,home,W,33,7,
1937,8,November 13,Missouri,Memorial Stadium,home,W,7,0,
1937,9,November 20,Oklahoma A&M,Memorial Stadium,home,W,16,0,
1938,1,October 1,Rice,Rice Field,unknown,W,7,6,
1938,2,October 8,Texas,Cotton Bowl,neutral,W,13,0,
1938,3,October 15,Kansas,Memorial Stadium,home,W,19,0,
1938,4,October 22,Nebraska,Memorial Stadium,home,W,14,0,
1938,5,October 29,Tulsa,Memorial Stadium,home,W,28,6,
1938,6,November 5,Kansas State,Memorial Stadium,home,W,26,0,
1938,7,November 12,Missouri,Memorial Stadium,home,W,21,0,
1938,8,November 19,Iowa State,Clyde Williams Stadium,unknown,W,10,0,
1938,9,November 26,Oklahoma A&M,Lewis Field,unknown,W,19,0,
1938,10,December 3,Washington State,Memorial Stadium,home,W,28,0,
1938,11,"January 2, 1939",Tennessee,Burdine Stadium,unknown,L,0,17,
1939,1,September 30,SMU,Oklahoma Memorial Stadium,home,T,7,7,
1939,2,October 7,Northwestern,Dyche Stadium,unknown,W,23,0,
1939,3,October 14,Texas,Cotton Bowl,neutral,W,24,12,
1939,4,October 21,Kansas,Memorial Stadium,home,W,27,7,
1939,5,October 28,Oklahoma A&M,Memorial Stadium,home,W,41,0,
1939,6,November 4,Iowa State,Memorial Stadium,home,W,38,6,
1939,7,November 11,Kansas State,Memorial Stadium,home,W,13,10,
1939,8,November 18,Missouri,Memorial Stadium,home,L,6,7,
1939,9,November 25,Nebraska,Memorial Stadium,home,L,7,13,
1940,1,October 5,Oklahoma A&M,Lewis Field,unknown,W,29,27,
1940,2,October 12,Texas,Cotton Bowl,neutral,L,16,19,
1940,3,October 19,Kansas State,Owen Field,home,W,14,0,
1940,4,October 26,Iowa State,Clyde Williams Stadium,unknown,W,20,7,
1940,5,November 2,Nebraska,Owen Field,home,L,0,13,
1940,6,November 9,Kansas,Memorial Stadium,home,W,13,0,
1940,7,November 16,Missouri,Owen Field,home,W,7,0,
1940,8,November 23,Temple,Owen Field,home,W,9,6,
1940,9,November 30,Santa Clara,Kezar Stadium,unknown,L,13,33,
1941,1,September 27,Oklahoma A&M,Memorial Stadium,home,W,19,0,
1941,2,October 11,Texas,Fair Park,unknown,L,7,40,
1941,3,October 18,Kansas State,Memorial Stadium,home,W,16,0,
1941,4,October 25,Santa Clara,Memorial Stadium,home,W,16,6,
1941,5,November 1,Kansas,Memorial Stadium,home,W,38,0,
1941,6,November 8,Iowa State<hc>,Memorial Stadium,home,W,55,0,
1941,7,November 15,Missouri,Memorial Stadium,home,L,0,28,
1941,8,November 22,Marquette,Memorial Stadium,home,W,61,14,
1941,9,November 29,Nebraska,Memorial Stadium,home,L,6,7,
1942,1,September 26,Oklahoma A&M,Lewis Field,unknown,T,0,0,
1942,2,October 3,Tulsa,Skelly Field,unknown,L,0,23,
1942,3,October 10,Texas,Cotton Bowl,neutral,L,0,7,
1942,4,October 17,Kansas,Memorial Stadium,home,W,25,0,
1942,5,October 24,Nebraska,Memorial Stadium,home,L,0,7,
1942,6,October 31,Iowa State,Clyde Williams Stadium,unknown,W,14,7,
1942,7,November 7,Kansas State,Memorial Stadium,home,W,76,0,
1942,8,November 14,Missouri,Memorial Stadium,home,T,6,6,
1942,9,November 21,Temple,Temple Stadium,unknown,L,7,14,
1942,10,November 28,William & Mary,Memorial Stadium,home,L,7,14,
1943,1,September 25,Norman NAS,Memorial Stadium,home,W,22,6,
1943,2,October 2,Oklahoma A&M,Taft Stadium,unknown,W,22,13,
1943,3,October 9,Texas,Cotton Bowl,neutral,L,7,13,
1943,4,October 16,Tulsa,Taft Stadium,unknown,L,6,20,
1943,5,October 23,Kansas State,Memorial Stadium,home,W,37,0,
1943,6,October 30,Iowa State,Memorial Stadium,home,W,21,7,
1943,7,November 6,Kansas,Memorial Stadium,home,W,26,13,
1943,8,November 13,Missouri,Memorial Stadium,home,W,20,13,
1943,9,November 20,Nebraska,Memorial Stadium,home,W,26,7,
1944,1,September 30,Norman NAS,Memorial Stadium,home,L,14,28,
1944,2,October 7,Texas A&M,Taft Stadium,unknown,W,21,14,
1944,3,October 14,Texas,Cotton Bowl,neutral,L,0,20,
1944,4,October 21,Kansas State,Memorial Stadium,home,W,68,0,
1944,5,October 28,TCU,Taft Stadium,unknown,W,34,19,
1944,6,November 4,Iowa State,Clyde Williams Stadium,unknown,W,12,7,
1944,7,November 11,Missouri,Memorial Stadium,home,T,21,21,
1944,8,November 18,Kansas,Memorial Stadium,home,W,20,0,
1944,9,November 25,Oklahoma A&M,Taft Stadium,unknown,L,6,28,
1944,10,December 2,Nebraska,Taft Stadium,unknown,W,31,12,
1945,1,September 22,Hondo AAF,Owen Field,home,W,21,6,
1945,2,September 29,Nebraska,Memorial Stadium,home,W,20,0,
1945,3,October 6,Texas A&M,Owen Field,home,L,14,19,
1945,4,October 13,Texas,Cotton Bowl,neutral,L,7,12,
1945,5,October 20,Kansas,Owen Field,home,W,39,7,
1945,6,October 27,Kansas State,Memorial Stadium,home,W,41,13,
1945,7,November 3,TCU,Owen Field,home,L,7,13,
1945,8,November 10,Iowa State,Owen Field,home,W,14,7,
1945,9,November 17,Missouri,Memorial Stadium,home,L,6,14,
1945,10,November 24,Oklahoma A&M,Owen Field,home,L,0,47,
1946,1,September 28,Army,Michie Stadium,unknown,L,7,21,
1946,2,October 5,Texas A&M,Memorial Stadium,home,W,10,7,
1946,3,October 12,Texas,Cotton Bowl,neutral,L,13,20,
1946,4,October 19,Kansas State,Memorial Stadium,home,W,28,7,
1946,5,October 26,Iowa State,Clyde Williams Stadium,unknown,W,63,0,
1946,6,November 2,TCU,Amon G. Carter Stadium,unknown,W,14,12,
1946,7,November 9,Kansas,Memorial Stadium,home,L,13,16,
1946,8,November 16,Missouri,Memorial Stadium,home,W,27,6,
1946,9,November 23,Nebraska,Memorial Stadium,home,W,27,6,
1946,10,November 30,Oklahoma A&M,Lewis Field,unknown,W,73,12,
1946,11,"January 1, 1947",NC State,Fairfield Stadium,unknown,W,34,13,
1947,1,September 27,Detroit,Navin Field,unknown,W,24,20,
1947,2,October 4,Texas A&M,Memorial Stadium,home,W,26,14,
1947,3,October 11,Texas,Fair Park Stadium,unknown,L,14,34,
1947,4,October 18,Kansas,Memorial Stadium,home,T,13,13,
1947,5,October 25,TCU,Memorial Stadium,home,L,7,20,
1947,6,November 1,Iowa State<hc>,Memorial Stadium,home,W,27,9,
1947,7,November 8,Kansas State,Memorial Stadium,home,W,27,13,
1947,8,November 15,Missouri,Memorial Stadium,home,W,21,12,
1947,9,November 22,Nebraska,Memorial Stadium,home,W,14,13,
1947,10,November 29,Oklahoma A&M,Memorial Stadium,home,W,21,13,
1948,1,September 25,Santa Clara,Kezar Stadium,unknown,L,17,20,
1948,2,October 2,Texas A&M,Memorial Stadium,home,W,42,14,
1948,3,October 9,Texas,Cotton Bowl,neutral,W,20,14,
1948,4,October 16,Kansas State,Memorial Stadium,home,W,42,0,
1948,5,October 23,TCU,Amon G. Carter Stadium,unknown,W,21,18,
1948,6,October 30,Iowa State,Clyde Williams Stadium,unknown,W,33,6,
1948,7,November 6,Missouri,Memorial Stadium,home,W,41,7,
1948,8,November 13,Nebraska,Memorial Stadium,home,W,41,14,
1948,9,November 20,Kansas,Memorial Stadium,home,W,60,7,
1948,10,November 27,Oklahoma A&M,Lewis Field,unknown,W,19,15,
1948,11,"January 1, 1949",North Carolina,Tulane Stadium,unknown,W,14,6,
1949,1,September 23,Boston College,Braves Field,unknown,W,46,0,
1949,2,October 1,Texas A&M,Memorial Stadium,home,W,33,13,
1949,3,October 8,Texas,Cotton Bowl,neutral,W,20,14,
1949,4,October 15,Kansas,Memorial Stadium,home,W,48,26,
1949,5,October 22,Nebraska,Memorial Stadium,home,W,48,0,
1949,6,October 29,Iowa State,Memorial Stadium,home,W,34,7,
1949,7,November 5,Kansas State,Memorial Stadium,home,W,39,0,
1949,8,November 12,Missouri,Memorial Stadium,home,W,27,7,
1949,9,November 19,Santa Clara,Memorial Stadium,home,W,28,21,
1949,10,November 26,Oklahoma A&M,Memorial Stadium,home,W,41,0,
1949,11,"January 1, 1950",LSU,Tulane Stadium,unknown,W,35,0,
1950,1,September 30,Boston College,Oklahoma Memorial Stadium,home,W,28,0,
1950,2,October 7,Texas A&M,Oklahoma Memorial Stadium,home,W,34,28,
1950,3,October 14,Texas,Fair Park,unknown,W,14,13,
1950,4,October 21,Kansas State,Memorial Stadium,home,W,58,0,
1950,5,October 28,Iowa State,Clyde Williams Field,unknown,W,20,7,
1950,6,November 4,Colorado,Folsom Field,unknown,W,27,18,
1950,7,November 11,Kansas,Memorial Stadium,home,W,33,13,
1950,8,November 18,Missouri,Oklahoma Memorial Stadium,home,W,41,7,
1950,9,November 25,Nebraska,Memorial Stadium,home,W,49,35,
1950,10,December 2,Oklahoma A&M,Lewis Field,unknown,W,41,14,
1950,11,"January 1, 1951",Kentucky,Tulane Stadium,unknown,L,7,13,
1951,1,September 29,William & Mary,Oklahoma Memorial Stadium,home,W,49,7,
1951,2,October 6,Texas A&M,Kyle Field,unknown,L,7,14,
1951,3,October 13,Texas,Cotton Bowl,neutral,L,7,9,
1951,4,October 20,Kansas,Oklahoma Memorial Stadium,home,W,33,21,
1951,5,October 27,Colorado,Oklahoma Memorial Stadium,home,W,55,14,
1951,6,November 3,Kansas State,Memorial Stadium,home,W,33,0,
1951,7,November 10,Missouri,Memorial Stadium,home,W,34,20,
1951,8,November 17,Iowa State,Oklahoma Memorial Stadium,home,W,35,6,
1951,9,November 24,Nebraska,Memorial Stadium,home,W,27,0,
1951,10,December 1,Oklahoma A&M,Oklahoma Memorial Stadium,home,W,41,6,
1952,1,September 27,Colorado,Folsom Field,unknown,T,21,21,
1952,2,October 4,Pittsburgh,Oklahoma Memorial Stadium,home,W,49,20,
1952,3,October 11,Texas,Cotton Bowl,neutral,W,49,20,
1952,4,October 18,Kansas,Memorial Stadium,home,W,42,20,
1952,5,October 25,Kansas State,Oklahoma Memorial Stadium,home,W,49,6,
1952,6,November 1,Iowa State,Clyde Williams Stadium,unknown,W,41,0,
1952,7,November 8,Notre Dame,Notre Dame Stadium,unknown,L,21,27,
1952,8,November 15,Missouri,Oklahoma Memorial Stadium,home,W,47,7,
1952,9,November 22,Nebraska,Oklahoma Memorial Stadium,home,W,34,13,
1952,10,November 29,Oklahoma A&M,Lewis Field,unknown,W,54,7,
1953,1,September 26,Notre Dame,Oklahoma Memorial Stadium,home,L,21,28,
1953,2,October 3,Pittsburgh,Pitt Stadium,unknown,T,7,7,
1953,3,October 10,Texas,Cotton Bowl,neutral,W,19,14,
1953,4,October 17,Kansas,Oklahoma Memorial Stadium,home,W,45,0,
1953,5,October 24,Colorado,Oklahoma Memorial Stadium,home,W,27,20,
1953,6,October 31,Kansas State,Memorial Stadium,home,W,34,0,
1953,7,November 7,Missouri,Memorial Stadium,home,W,14,7,
1953,8,November 14,Iowa State,Oklahoma Memorial Stadium,home,W,47,0,
1953,9,November 21,Nebraska,Memorial Stadium,home,W,30,7,
1953,10,November 28,Oklahoma A&M,Oklahoma Memorial Stadium,home,W,42,7,
1953,11,"January 1, 1954",Maryland,Burdine Stadium,unknown,W,7,0,
1954,1,September 18,California,California Memorial Stadium,home,W,27,13,
1954,2,September 25,TCU,Oklahoma Memorial Stadium,home,W,21,16,
1954,3,October 9,Texas,Cotton Bowl,neutral,W,14,7,
1954,4,October 16,Kansas,Memorial Stadium,home,W,65,0,
1954,5,October 23,Kansas State,Oklahoma Memorial Stadium,home,W,21,0,
1954,6,October 30,Colorado,Folsom Field,unknown,W,13,6,
1954,7,November 6,Iowa State,Clyde Williams Stadium,unknown,W,40,0,
1954,8,November 13,Missouri,Oklahoma Memorial Stadium,home,W,34,13,
1954,9,November 20,Nebraska,Oklahoma Memorial Stadium,home,W,55,7,
1954,10,November 27,Oklahoma A&M,Lewis Field,unknown,W,14,0,
1955,1,September 24,North Carolina,Kenan Memorial Stadium,home,W,13,6,
1955,2,October 1,Pittsburgh,Owen Field,home,W,26,14,
1955,3,October 8,Texas,Cotton Bowl,neutral,W,20,0,
1955,4,October 15,Kansas,Owen Field,home,W,44,6,
1955,5,October 22,Colorado,Owen Field,home,W,56,21,
1955,6,October 29,Kansas State,Memorial Stadium,home,W,40,7,
1955,7,November 5,Missouri,Memorial Stadium,home,W,20,0,
1955,8,November 12,Iowa State,Owen Field,home,W,52,0,
1955,9,November 19,Nebraska,Memorial Stadium,home,W,41,0,
1955,10,November 26,Oklahoma A&M,Owen Field,home,W,53,0,
1955,11,"January 2, 1956",Maryland,Burdine Stadium,unknown,W,20,6,
1956,1,September 29,North Carolina,Oklahoma Memorial Stadium,home,W,36,0,
1956,2,October 6,Kansas State,Oklahoma Memorial Stadium,home,W,66,0,
1956,3,October 13,Texas,Cotton Bowl,neutral,W,45,0,
1956,4,October 20,Kansas,Memorial Stadium,home,W,34,12,
1956,5,October 27,Notre Dame,Notre Dame Stadium,unknown,W,40,0,
1956,6,November 3,Colorado,Folsom Field,unknown,W,27,19,
1956,7,November 10,Iowa State,Clyde Williams Stadium,unknown,W,44,0,
1956,8,November 17,Missouri,Oklahoma Memorial Stadium,home,W,67,14,
1956,9,November 24,Nebraska,Oklahoma Memorial Stadium,home,W,54,6,
1956,10,December 1,Oklahoma A&M,Lewis Field,unknown,W,53,0,
1957,1,September 21,Pittsburgh,Pitt Stadium,unknown,W,26,0,
1957,2,October 5,Iowa State,Oklahoma Memorial Stadium,home,W,40,14,
1957,3,October 12,Texas,Cotton Bowl,neutral,W,21,7,
1957,4,October 19,Kansas,Oklahoma Memorial Stadium,home,W,47,0,
1957,5,October 26,Colorado,Oklahoma Memorial Stadium,home,W,14,13,
1957,6,November 2,Kansas State,Memorial Stadium,home,W,13,0,
1957,7,November 9,Missouri,Memorial Stadium,home,W,39,14,
1957,8,November 16,Notre Dame,Oklahoma Memorial Stadium,home,L,0,7,
1957,9,November 23,Nebraska,Memorial Stadium,home,W,32,7,
1957,10,November 30,Oklahoma State,Oklahoma Memorial Stadium,home,W,53,6,
1957,11,"January 1, 1958",Duke,Burdine Stadium,unknown,W,48,21,
1958,1,September 27,West Virginia,Oklahoma Memorial Stadium,home,W,47,14,
1958,2,October 4,Oregon,Oklahoma Memorial Stadium,home,W,6,0,
1958,3,October 11,Texas,Cotton Bowl,neutral,L,14,15,
1958,4,October 18,Kansas,Memorial Stadium,home,W,43,0,
1958,5,October 25,Kansas State,Oklahoma Memorial Stadium,home,W,40,6,
1958,6,November 1,Colorado,Folsom Field,unknown,W,23,7,
1958,7,November 8,Iowa State,Clyde Williams Field,unknown,W,20,0,
1958,8,November 15,Missouri,Oklahoma Memorial Stadium,home,W,39,0,
1958,9,November 22,Nebraska,Oklahoma Memorial Stadium,home,W,40,7,
1958,10,November 29,Oklahoma State,Lewis Field,unknown,W,7,0,
1958,11,"January 1, 1959",Syracuse,Burdine Stadium,unknown,W,21,6,
1959,1,September 26,Northwestern,Dyche Stadium,unknown,L,13,45,
1959,2,October 3,Colorado,Oklahoma Memorial Stadium,home,W,42,12,
1959,3,October 10,Texas,Cotton Bowl,neutral,L,12,19,
1959,4,October 17,Missouri,Memorial Stadium,home,W,23,0,
1959,5,October 24,Kansas,Oklahoma Memorial Stadium,home,W,7,6,
1959,6,October 31,Nebraska,Memorial Stadium,home,L,21,25,
1959,7,November 7,Kansas State,Memorial Stadium,home,W,36,0,
1959,8,November 14,Army,Oklahoma Memorial Stadium,home,W,28,20,
1959,9,November 21,Iowa State,Oklahoma Memorial Stadium,home,W,35,12,
1959,10,November 28,Oklahoma State,Oklahoma Memorial Stadium,home,W,17,7,
1960,1,September 27,Northwestern,Oklahoma Memorial Stadium,home,L,3,19,
1960,2,October 1,Pittsburgh,Oklahoma Memorial Stadium,home,W,15,14,
1960,3,October 8,Texas,Cotton Bowl,neutral,L,0,24,
1960,4,October 15,Kansas,Memorial Stadium,home,T,13,13,
1960,5,October 22,Kansas State,Oklahoma Memorial Stadium,home,W,49,7,
1960,6,October 29,Colorado,Folsom Field,unknown,L,0,7,
1960,7,November 5,Iowa State,Clyde Williams Field,unknown,L,6,10,
1960,8,November 12,Missouri,Oklahoma Memorial Stadium,home,L,19,41,
1960,9,November 19,Nebraska,Oklahoma Memorial Stadium,home,L,14,17,
1960,10,November 26,Oklahoma State,Lewis Field,unknown,W,17,6,
1961,1,September 30,Notre Dame,Notre Dame Stadium,unknown,L,6,19,
1961,2,October 7,Iowa State,Oklahoma Memorial Stadium,home,L,15,21,
1961,3,October 14,Texas,Cotton Bowl,neutral,L,7,28,
1961,4,October 21,Kansas,Oklahoma Memorial Stadium,home,L,0,10,
1961,5,October 28,Colorado,Oklahoma Memorial Stadium,home,L,14,22,
1961,6,November 4,Kansas State,Memorial Stadium,home,W,17,6,
1961,7,November 11,Missouri,Memorial Stadium,home,W,7,0,
1961,8,November 18,Army,Yankee Stadium,unknown,W,14,8,
1961,9,November 25,Nebraska,Memorial Stadium,home,W,21,14,
1961,10,December 2,Oklahoma State,Oklahoma Memorial Stadium,home,W,21,13,
1962,1,September 22,Syracuse,Oklahoma Memorial Stadium,home,W,7,3,
1962,2,September 29,Notre Dame,Oklahoma Memorial Stadium,home,L,7,13,
1962,3,October 13,Texas,Cotton Bowl,neutral,L,6,9,
1962,4,October 20,Kansas,Memorial Stadium,home,W,13,7,
1962,5,October 27,Kansas State,Oklahoma Memorial Stadium,home,W,47,0,
1962,6,November 3,Colorado,Folsom Field,unknown,W,62,0,
1962,7,November 10,Iowa State,Clyde Williams Field,unknown,W,41,0,
1962,8,November 17,Missouri,Oklahoma Memorial Stadium,home,W,13,0,
1962,9,November 24,Nebraska,Oklahoma Memorial Stadium,home,W,34,6,
1962,10,December 1,Oklahoma State,Lewis Field,unknown,W,37,6,
1962,11,"January 1, 1963",Alabama,Miami Orange Bowl,neutral,L,0,17,
1963,1,September 21,Clemson,Oklahoma Memorial Stadium,home,W,31,14,
1963,2,September 28,USC,Los Angeles Memorial Coliseum,unknown,W,17,12,
1963,3,October 12,Texas,Cotton Bowl,neutral,L,7,28,
1963,4,October 19,Kansas,Oklahoma Memorial Stadium,home,W,21,18,
1963,5,October 26,Kansas State,Memorial Stadium,home,W,34,9,
1963,6,November 2,Colorado,Oklahoma Memorial Stadium,home,W,35,0,
1963,7,November 9,Iowa State,Oklahoma Memorial Stadium,home,W,24,14,
1963,8,November 16,Missouri,Memorial Stadium,home,W,13,3,
1963,9,November 23,Nebraska,Memorial Stadium,home,L,20,29,
1963,10,November 30,Oklahoma State,Oklahoma Memorial Stadium,home,W,34,10,
1964,1,September 19,Maryland,Byrd Stadium,unknown,W,13,3,
1964,2,September 26,USC,Oklahoma Memorial Stadium,home,L,14,40,
1964,3,October 10,Texas,Cotton Bowl,neutral,L,7,28,
1964,4,October 17,Kansas,Memorial Stadium,home,L,14,15,
1964,5,October 24,Kansas State,Oklahoma Memorial Stadium,home,W,44,0,
1964,6,October 31,Colorado,Folsom Field,unknown,W,14,11,
1964,7,November 7,Iowa State,Oklahoma Memorial Stadium,home,W,30,0,
1964,8,November 14,Missouri,Oklahoma Memorial Stadium,home,T,14,14,
1964,9,November 21,Nebraska,Oklahoma Memorial Stadium,home,W,17,7,
1964,10,November 28,Oklahoma State,Lewis Field,unknown,W,21,16,
1964,11,"January 2, 1965",Florida State,Gator Bowl Stadium,neutral,L,19,36,
1965,1,September 25,Pittsburgh,Pitt Stadium,unknown,L,9,13,
1965,2,October 2,Navy,Oklahoma Memorial Stadium,home,L,0,10,
1965,3,October 9,Texas,Cotton Bowl,neutral,L,0,19,
1965,4,October 16,Kansas,Oklahoma Memorial Stadium,home,W,21,7,
1965,5,October 23,Kansas State,Memorial Stadium,home,W,27,0,
1965,6,October 30,Colorado,Oklahoma Memorial Stadium,home,L,0,13,
1965,7,November 6,Iowa State,Oklahoma Memorial Stadium,home,W,24,20,
1965,8,November 13,Missouri,Memorial Stadium,home,L,0,30,
1965,9,November 25,Nebraska,Memorial Stadium,home,L,9,21,
1965,10,December 4,Oklahoma State,Oklahoma Memorial Stadium,home,L,16,17,
1966,1,September 17,Oregon,Oklahoma Memorial Stadium,home,W,17,0,
1966,2,September 24,Iowa State,Clyde Williams Field,unknown,W,33,11,
1966,3,October 8,Texas,Cotton Bowl,neutral,W,18,9,
1966,4,October 15,Kansas,Memorial Stadium,home,W,35,0,
1966,5,October 22,Notre Dame,Oklahoma Memorial Stadium,home,L,0,38,
1966,6,October 29,Colorado,Folsom Field,unknown,L,21,24,
1966,7,November 5,Kansas State,Oklahoma Memorial Stadium,home,W,37,6,
1966,8,November 12,Missouri,Oklahoma Memorial Stadium,home,L,7,10,
1966,9,November 24,Nebraska,Oklahoma Memorial Stadium,home,W,10,9,
1966,10,December 3,Oklahoma State,Lewis Field,unknown,L,14,15,
1967,1,September 23,Washington State,Oklahoma Memorial Stadium,home,W,21,0,
1967,2,September 30,Maryland,Oklahoma Memorial Stadium,home,W,35,0,
1967,3,October 14,Texas,Cotton Bowl,neutral,L,7,9,
1967,4,October 21,Kansas State,Memorial Stadium,home,W,46,7,
1967,5,October 28,Missouri,Memorial Stadium,home,W,7,0,
1967,6,November 4,Colorado,Oklahoma Memorial Stadium,home,W,23,0,
1967,7,November 11,Iowa State,Clyde Williams Field,unknown,W,52,14,
1967,8,November 18,Kansas,Oklahoma Memorial Stadium,home,W,14,10,
1967,9,November 23,Nebraska,Memorial Stadium,home,W,21,14,
1967,10,December 2,Oklahoma State,Oklahoma Memorial Stadium,home,W,38,14,
1967,11,"January 1, 1968",Tennessee,Miami Orange Bowl,neutral,W,26,24,
1968,1,September 21,Notre Dame,Notre Dame Stadium,unknown,L,21,45,
1968,2,September 28,NC State,Oklahoma Memorial Stadium,home,W,28,14,
1968,3,October 12,Texas,Cotton Bowl,neutral,L,20,26,
1968,4,October 19,Iowa State,Oklahoma Memorial Stadium,home,W,42,7,
1968,5,October 26,Colorado,Folsom Field,unknown,L,27,41,
1968,6,November 2,Kansas State,Oklahoma Memorial Stadium,home,W,35,20,
1968,7,November 9,Kansas,Memorial Stadium,home,W,27,23,
1968,8,November 16,Missouri,Oklahoma Memorial Stadium,home,W,28,14,
1968,9,November 23,Nebraska,Oklahoma Memorial Stadium,home,W,47,0,
1968,10,November 30,Oklahoma State,Lewis Field,unknown,W,41,7,
1968,11,December 31,SMU,Houston Astrodome,unknown,L,27,28,
1969,1,September 20,Wisconsin,Camp Randall Stadium,unknown,W,48,21,
1969,2,September 27,Pittsburgh,Oklahoma Memorial Stadium,home,W,37,8,
1969,3,October 11,Texas,Cotton Bowl,neutral,L,17,27,
1969,4,October 18,Colorado,Oklahoma Memorial Stadium,home,W,42,30,
1969,5,October 25,Kansas State,KSU Stadium,unknown,L,21,59,
1969,6,November 1,Iowa State,Oklahoma Memorial Stadium,home,W,37,14,
1969,7,November 8,Missouri,Memorial Stadium,home,L,10,44,
1969,8,November 15,Kansas,Oklahoma Memorial Stadium,home,W,31,15,
1969,9,November 22,Nebraska,Oklahoma Memorial Stadium,home,L,14,44,
1969,10,November 29,Oklahoma State,Lewis Field,unknown,W,28,27,
1970,1,September 12,SMU,Cotton Bowl,neutral,W,28,11,
1970,2,September 19,Wisconsin,Oklahoma Memorial Stadium,home,W,21,7,
1970,3,September 26,Oregon State,Oklahoma Memorial Stadium,home,L,14,23,
1970,4,October 10,Texas,Cotton Bowl,neutral,L,9,41,
1970,5,October 17,Colorado,Folsom Field,unknown,W,23,15,
1970,6,October 24,Kansas State,Oklahoma Memorial Stadium,home,L,14,19,
1970,7,October 31,Iowa State,Clyde Williams Field,unknown,W,29,28,
1970,8,November 7,Missouri,Oklahoma Memorial Stadium,home,W,28,13,
1970,9,November 14,Kansas,Memorial Stadium,home,W,28,24,
1970,10,November 21,Nebraska,Memorial Stadium,home,L,21,28,
1970,11,November 28,Oklahoma State,Oklahoma Memorial Stadium,home,W,66,6,
1970,12,December 31,Alabama,Houston Astrodome,unknown,T,24,24,
1971,1,September 18,SMU,Oklahoma Memorial Stadium,home,W,30,0,
1971,2,September 25,Pittsburgh,Pitt Stadium,unknown,W,55,29,
1971,3,October 2,USC,Oklahoma Memorial Stadium,home,W,33,20,
1971,4,October 9,Texas,Cotton Bowl,neutral,W,48,27,
1971,5,October 16,Colorado,Oklahoma Memorial Stadium,home,W,45,17,
1971,6,October 23,Kansas State,KSU Stadium,unknown,W,75,28,
1971,7,October 30,Iowa State,Oklahoma Memorial Stadium,home,W,43,12,
1971,8,November 6,Missouri,Memorial Stadium,home,W,20,3,
1971,9,November 13,Kansas,Oklahoma Memorial Stadium,home,W,56,10,
1971,10,November 25,Nebraska,Oklahoma Memorial Stadium,home,L,31,35,
1971,11,December 4,Oklahoma State,Lewis Field,unknown,W,58,14,
1971,12,"January 1, 1972",Auburn,Tulane Stadium,unknown,W,40,22,
1972,1,September 16,Utah State,Oklahoma Memorial Stadium,home,W,49,0,
1972,2,September 23,Oregon,Oklahoma Memorial Stadium,home,W,68,3,
1972,3,September 30,Clemson,Oklahoma Memorial Stadium,home,W,52,3,
1972,4,October 14,Texas,Cotton Bowl,neutral,W,27,0,
1972,5,October 21,Colorado,Folsom Field,unknown,L,14,20,
1972,6,October 28,Kansas State,Oklahoma Memorial Stadium,home,W,52,0,
1972,7,November 4,Iowa State,Clyde Williams Field,unknown,W,20,6,
1972,8,November 11,Missouri,Oklahoma Memorial Stadium,home,W,17,6,
1972,9,November 18,Kansas,Memorial Stadium,home,W,31,7,
1972,10,November 23,Nebraska,Memorial Stadium,home,W,17,14,
1972,11,December 2,Oklahoma State,Oklahoma Memorial Stadium,home,W,38,15,
1972,12,December 31,Penn State,Tulane Stadium,unknown,W,14,0,
1973,1,September 15,Baylor,Baylor Stadium,unknown,W,42,14,
1973,2,September 29,USC,Los Angeles Memorial Coliseum,unknown,T,7,7,
1973,3,October 6,Miami (FL),Oklahoma Memorial Stadium,home,W,24,20,
1973,4,October 13,Texas,Cotton Bowl,neutral,W,52,13,
1973,5,October 20,Colorado,Oklahoma Memorial Stadium,home,W,34,7,
1973,6,October 27,Kansas State,KSU Stadium,unknown,W,56,14,
1973,7,November 3,Iowa State,Oklahoma Memorial Stadium,home,W,34,17,
1973,8,November 10,Missouri,Memorial Stadium,home,W,31,3,
1973,9,November 17,Kansas,Oklahoma Memorial Stadium,home,W,48,20,
1973,10,November 23,Nebraska,Oklahoma Memorial Stadium,home,W,27,0,
1973,11,December 1,Oklahoma State,Lewis Field,unknown,W,45,18,
1974,1,September 14,Baylor,Oklahoma Memorial Stadium,home,W,28,11,
1974,2,September 28,Utah State,Oklahoma Memorial Stadium,home,W,72,3,
1974,3,October 5,Wake Forest,Oklahoma Memorial Stadium,home,W,63,0,
1974,4,October 12,Texas,Cotton Bowl,neutral,W,16,13,
1974,5,October 19,Colorado,Folsom Field,unknown,W,49,14,
1974,6,October 26,Kansas State,Oklahoma Memorial Stadium,home,W,63,0,
1974,7,November 2,Iowa State,Clyde Williams Field,unknown,W,28,10,
1974,8,November 9,Missouri,Oklahoma Memorial Stadium,home,W,37,0,
1974,9,November 16,Kansas,Memorial Stadium,home,W,45,14,
1974,10,November 23,Nebraska,Memorial Stadium,home,W,28,14,
1974,11,November 30,Oklahoma State,Oklahoma Memorial Stadium,home,W,44,13,
1975,1,September 13,Oregon,Oklahoma Memorial Stadium,home,W,62,7,
1975,2,September 20,Pittsburgh,Oklahoma Memorial Stadium,home,W,46,10,
1975,3,September 26,Miami (FL),Miami Orange Bowl,neutral,W,20,17,
1975,4,October 4,Colorado,Oklahoma Memorial Stadium,home,W,21,20,
1975,5,October 11,Texas,Cotton Bowl,neutral,W,24,17,
1975,6,October 18,Kansas State,KSU Stadium,unknown,W,25,3,
1975,7,October 25,Iowa State,Oklahoma Memorial Stadium,home,W,39,7,
1975,8,November 1,Oklahoma State,Lewis Field,unknown,W,27,7,
1975,9,November 8,Kansas,Oklahoma Memorial Stadium,home,L,3,23,
1975,10,November 15,Missouri,Faurot Field,unknown,W,28,27,
1975,11,November 22,Nebraska,Oklahoma Memorial Stadium,home,W,35,10,
1975,12,"January 1, 1976",Michigan,Miami Orange Bowl,neutral,W,14,6,
1976,1,September 11,Vanderbilt,Dudley Field,unknown,W,24,3,
1976,2,September 18,California,Oklahoma Memorial Stadium,home,W,28,17,
1976,3,September 25,Florida State,Oklahoma Memorial Stadium,home,W,24,9,
1976,4,October 2,Iowa State,Cyclone Stadium,unknown,W,24,10,
1976,5,October 9,Texas,Cotton Bowl,neutral,T,6,6,
1976,6,October 16,Kansas,Memorial Stadium,home,W,28,10,
1976,7,October 23,Oklahoma State,Oklahoma Memorial Stadium,home,L,24,31,
1976,8,October 30,Colorado,Folsom Field,unknown,L,31,42,
1976,9,November 6,Kansas State,Oklahoma Memorial Stadium,home,W,49,20,
1976,10,November 13,Missouri,Oklahoma Memorial Stadium,home,W,27,20,
1976,11,November 26,Nebraska,Memorial Stadium,home,W,20,17,
1976,12,December 25,Wyoming,Sun Devil Stadium,unknown,W,41,7,
1977,1,September 10,Vanderbilt,Oklahoma Memorial Stadium,home,W,25,23,
1977,2,September 17,Utah,Oklahoma Memorial Stadium,home,W,62,24,
1977,3,September 24,Ohio State,Ohio Stadium,unknown,W,29,28,
1977,4,October 1,Kansas,Oklahoma Memorial Stadium,home,W,24,9,
1977,5,October 8,Texas,Cotton Bowl,neutral,L,6,13,
1977,6,October 15,Missouri,Faurot Field,unknown,W,21,17,
1977,7,October 22,Iowa State,Oklahoma Memorial Stadium,home,W,35,16,
1977,8,October 29,Kansas State,KSU Stadium,unknown,W,42,7,
1977,9,November 5,Oklahoma State,Lewis Field,unknown,W,61,28,
1977,10,November 12,Colorado,Oklahoma Memorial Stadium,home,W,52,14,
1977,11,November 25,Nebraska,Oklahoma Memorial Stadium,home,W,38,7,
1977,12,"January 1, 1978",Arkansas,Miami Orange Bowl,neutral,L,6,31,
1978,1,September 9,Stanford,Stanford Stadium,unknown,W,35,29,
1978,2,September 16,West Virginia,Oklahoma Memorial Stadium,home,W,52,10,
1978,3,September 23,Rice,Oklahoma Memorial Stadium,home,W,66,7,
1978,4,September 30,Missouri,Oklahoma Memorial Stadium,home,W,45,23,
1978,5,October 7,Texas,Cotton Bowl,neutral,W,31,10,
1978,6,October 14,Kansas,Memorial Stadium,home,W,17,16,
1978,7,October 21,Iowa State,Cyclone Stadium,unknown,W,34,6,
1978,8,October 28,Kansas State,Oklahoma Memorial Stadium,home,W,56,19,
1978,9,November 4,Colorado,Folsom Field,unknown,W,28,7,
1978,10,November 11,Nebraska,Memorial Stadium,home,L,14,17,
1978,11,November 18,Oklahoma State,Oklahoma Memorial Stadium,home,W,62,7,
1978,12,"January 1, 1979",Nebraska,Miami Orange Bowl,neutral,W,31,24,
1979,1,September 15,Iowa,Oklahoma Memorial Stadium,home,W,21,6,
1979,2,September 22,Tulsa,Oklahoma Memorial Stadium,home,W,49,13,
1979,3,September 29,Rice,Rice Stadium,unknown,W,63,21,
1979,4,October 6,Colorado,Oklahoma Memorial Stadium,home,W,49,24,
1979,5,October 13,Texas,Cotton Bowl,neutral,L,7,16,
1979,6,October 20,Kansas State,KSU Stadium,unknown,W,38,6,
1979,7,October 27,Iowa State,Oklahoma Memorial Stadium,home,W,38,9,
1979,8,November 3,Oklahoma State,Lewis Field,unknown,W,38,7,
1979,9,November 10,Kansas,Oklahoma Memorial Stadium,home,W,38,0,
1979,10,November 17,Missouri,Faurot Field,unknown,W,24,22,
1979,11,November 24,Nebraska,Oklahoma Memorial Stadium,home,W,17,14,
1979,12,"January 1, 1980",Florida State,Miami Orange Bowl,neutral,W,24,7,
1980,1,September 13,Kentucky,Oklahoma Memorial Stadium,home,W,29,7,
1980,2,September 27,Stanford,Oklahoma Memorial Stadium,home,L,14,31,
1980,3,October 4,Colorado,Folsom Field,unknown,W,82,42,
1980,4,October 11,Texas,Cotton Bowl,neutral,L,13,20,
1980,5,October 18,Kansas State,Oklahoma Memorial Stadium,home,W,35,21,
1980,6,October 25,Iowa State,Cyclone Stadium,unknown,W,42,7,
1980,7,November 1,North Carolina,Oklahoma Memorial Stadium,home,W,41,7,
1980,8,November 8,Kansas,Memorial Stadium,home,W,21,19,
1980,9,November 15,Missouri,Oklahoma Memorial Stadium,home,W,17,7,
1980,10,November 22,Nebraska,Memorial Stadium,home,W,21,17,
1980,11,November 29,Oklahoma State,Oklahoma Memorial Stadium,home,W,63,14,
1980,12,"January 1, 1981",Florida State,Miami Orange Bowl,neutral,W,18,17,
1981,1,September 12,Wyoming,Oklahoma Memorial Stadium,home,W,37,20,
1981,2,September 26,USC,Los Angeles Memorial Coliseum,unknown,L,24,28,
1981,3,October 3,Iowa State,Oklahoma Memorial Stadium,home,T,7,7,
1981,4,October 10,Texas,Cotton Bowl,neutral,L,14,34,
1981,5,October 17,Kansas,Oklahoma Memorial Stadium,home,W,45,7,
1981,6,October 24,Oregon State,Oklahoma Memorial Stadium,home,W,42,3,
1981,7,October 31,Colorado,Oklahoma Memorial Stadium,home,W,49,0,
1981,8,November 7,Kansas State,KSU Stadium,unknown,W,28,21,
1981,9,November 14,Missouri,Faurot Field,unknown,L,14,19,
1981,10,November 21,Nebraska,Oklahoma Memorial Stadium,home,L,14,37,
1981,11,November 28,Oklahoma State,Lewis Field,unknown,W,27,3,
1981,12,December 26,Houston,Sun Bowl,neutral,W,40,14,
1982,1,September 11,West Virginia,Oklahoma Memorial Stadium,home,L,27,41,
1982,2,September 18,Kentucky,Commonwealth Stadium,unknown,W,29,8,
1982,3,September 25,USC,Oklahoma Memorial Stadium,home,L,0,12,
1982,4,October 2,Iowa State,Cyclone Stadium,unknown,W,13,3,
1982,5,October 9,Texas,Cotton Bowl,neutral,W,28,22,
1982,6,October 16,Kansas,Memorial Stadium,home,W,38,14,
1982,7,October 23,Oklahoma State,Oklahoma Memorial Stadium,home,W,27,9,
1982,8,October 30,Colorado,Folsom Field,unknown,W,45,10,
1982,9,November 6,Kansas State,Oklahoma Memorial Stadium,home,W,24,10,
1982,10,November 13,Missouri,Oklahoma Memorial Stadium,home,W,41,14,
1982,11,November 26,Nebraska,Memorial Stadium,home,L,24,28,
1982,12,"January 1, 1983",Arizona State,Sun Devil Stadium,unknown,L,21,32,
1983,1,September 10,Stanford,Stanford Stadium,unknown,W,27,14,
1983,2,September 17,Ohio State,Oklahoma Memorial Stadium,home,L,14,24,
1983,3,September 24,Tulsa,Oklahoma Memorial Stadium,home,W,28,18,
1983,4,October 1,Kansas State,KSU Stadium,unknown,W,29,10,
1983,5,October 8,Texas,Cotton Bowl,neutral,L,16,28,
1983,6,October 15,Oklahoma State,Lewis Field,unknown,W,21,20,
1983,7,October 22,Iowa State,Oklahoma Memorial Stadium,home,W,49,11,
1983,8,October 29,Kansas,Oklahoma Memorial Stadium,home,W,45,14,
1983,9,November 5,Missouri,Faurot Field,unknown,L,0,10,
1983,10,November 12,Colorado,Oklahoma Memorial Stadium,home,W,41,28,
1983,11,November 26,Nebraska,Oklahoma Memorial Stadium,home,L,21,28,
1983,12,December 3,Hawaii,Aloha Stadium,unknown,W,21,17,
1984,1,September 8,Stanford,Oklahoma Memorial Stadium,home,W,19,7,
1984,2,September 15,Pittsburgh,Pitt Stadium,unknown,W,42,10,
1984,3,September 22,Baylor,Oklahoma Memorial Stadium,home,W,34,15,
1984,4,September 29,Kansas State,Oklahoma Memorial Stadium,home,W,24,6,
1984,5,October 13,Texas,Cotton Bowl,neutral,T,15,15,
1984,6,October 20,Iowa State,Cyclone Stadium,unknown,W,12,10,
1984,7,October 27,Kansas,Memorial Stadium,home,L,11,28,
1984,8,November 3,Missouri,Oklahoma Memorial Stadium,home,W,49,7,
1984,9,November 10,Colorado,Folsom Field,unknown,W,42,17,
1984,10,November 17,Nebraska,Memorial Stadium,home,W,17,7,
1984,11,November 24,Oklahoma State,Oklahoma Memorial Stadium,home,W,24,14,
1984,12,"January 1, 1985",Washington,Miami Orange Bowl,neutral,L,17,28,
1985,1,September 28,Minnesota,Hubert H. Humphrey Metrodome,unknown,W,13,7,
1985,2,October 5,Kansas State,KSU Stadium,unknown,W,41,6,
1985,3,October 12,Texas,Cotton Bowl,neutral,W,14,7,
1985,4,October 19,Miami (FL),Oklahoma Memorial Stadium,home,L,14,27,
1985,5,October 26,Iowa State,Oklahoma Memorial Stadium,home,W,59,14,
1985,6,November 2,Kansas,Oklahoma Memorial Stadium,home,W,48,6,
1985,7,November 9,Missouri,Faurot Field,unknown,W,51,6,
1985,8,November 16,Colorado,Oklahoma Memorial Stadium,home,W,31,0,
1985,9,November 23,Nebraska,Oklahoma Memorial Stadium,home,W,27,7,
1985,10,November 30,Oklahoma State,Lewis Field,unknown,W,13,0,
1985,11,December 7,SMU,Oklahoma Memorial Stadium,home,W,35,13,
1985,12,"January 1, 1986",Penn State,Miami Orange Bowl,neutral,W,25,10,
1986,1,September 6,UCLA,Oklahoma Memorial Stadium,home,W,38,3,
1986,2,September 20,Minnesota,Oklahoma Memorial Stadium,home,W,63,0,
1986,3,September 27,Miami (FL),Miami Orange Bowl,neutral,L,16,28,
1986,4,October 4,Kansas State,Oklahoma Memorial Stadium,home,W,56,10,
1986,5,October 11,Texas,Cotton Bowl,neutral,W,47,12,
1986,6,October 18,Oklahoma State,Oklahoma Memorial Stadium,home,W,19,0,
1986,7,October 25,Iowa State,Cyclone Stadium,unknown,W,38,0,
1986,8,November 1,Kansas,Memorial Stadium,home,W,64,3,
1986,9,November 8,Missouri,Oklahoma Memorial Stadium,home,W,77,0,
1986,10,November 15,Colorado,Folsom Field,unknown,W,28,0,
1986,11,November 22,Nebraska,Memorial Stadium,home,W,20,17,
1986,12,"January 1, 1987",Arkansas,Miami Orange Bowl,neutral,W,42,8,
1987,1,September 5,North Texas State,Oklahoma Memorial Stadium,home,W,69,14,
1987,2,September 12,North Carolina,Oklahoma Memorial Stadium,home,W,28,0,
1987,3,September 26,Tulsa,Skelly Stadium,unknown,W,65,0,
1987,4,October 3,Iowa State,Cyclone Stadium,unknown,W,56,3,
1987,5,October 10,Texas,Cotton Bowl,neutral,W,44,9,
1987,6,October 17,Kansas State,KSU Stadium,unknown,W,59,10,
1987,7,October 24,Colorado,Oklahoma Memorial Stadium,home,W,24,6,
1987,8,October 31,Kansas,Memorial Stadium,home,W,71,10,
1987,9,November 7,Oklahoma State,Oklahoma Memorial Stadium,home,W,29,10,
1987,10,November 14,Missouri,Oklahoma Memorial Stadium,home,W,17,13,
1987,11,November 21,Nebraska,Memorial Stadium,home,W,17,7,
1987,12,"January 1, 1988",Miami (FL),Orange Bowl,neutral,L,14,20,
1988,1,September 10,North Carolina,Kenan Memorial Stadium,home,W,28,0,
1988,2,September 17,Arizona,Oklahoma Memorial Stadium,home,W,28,10,
1988,3,September 24,USC,Los Angeles Memorial Coliseum,unknown,L,7,23,
1988,4,October 1,Iowa State,Oklahoma Memorial Stadium,home,W,35,7,
1988,5,October 8,Texas,Cotton Bowl,neutral,W,28,13,
1988,6,October 15,Kansas State,Oklahoma Memorial Stadium,home,W,70,24,
1988,7,October 22,Colorado,Folsom Field,unknown,W,17,14,
1988,8,October 29,Kansas,Oklahoma Memorial Stadium,home,W,63,14,
1988,9,November 5,Oklahoma State,Lewis Field,unknown,W,31,28,
1988,10,November 12,Missouri,Faurot Field,unknown,W,16,7,
1988,11,November 19,Nebraska,Oklahoma Memorial Stadium,home,L,3,7,
1988,12,"January 2, 1989",Clemson,Florida Citrus Bowl,neutral,L,6,13,
1989,1,September 2,New Mexico State,Oklahoma Memorial Stadium,home,W,73,3,
1989,2,September 9,Baylor,Oklahoma Memorial Stadium,home,W,33,7,
1989,3,September 16,Arizona,Arizona Stadium,unknown,L,3,6,
1989,4,September 30,Kansas,Memorial Stadium,home,W,45,6,
1989,5,October 7,Oklahoma State,Oklahoma Memorial Stadium,home,W,37,15,
1989,6,October 14,Texas,Cotton Bowl,neutral,L,24,28,
1989,7,October 21,Iowa State,Cyclone Stadium,unknown,W,43,40,
1989,8,October 28,Colorado,Oklahoma Memorial Stadium,home,L,3,20,
1989,9,November 4,Missouri,Oklahoma Memorial Stadium,home,W,52,14,
1989,10,November 11,Kansas State,Oklahoma Memorial Stadium,home,W,42,19,
1989,11,November 18,Nebraska,Memorial Stadium,home,L,25,42,
1990,1,September 8,UCLA,Rose Bowl,neutral,W,34,14,
1990,2,September 15,Pittsburgh,Oklahoma Memorial Stadium,home,W,52,10,
1990,3,September 22,Tulsa,Oklahoma Memorial Stadium,home,W,52,10,
1990,4,September 29,Kansas,Oklahoma Memorial Stadium,home,W,31,17,
1990,5,October 6,Oklahoma State,Lewis Field,unknown,W,31,17,
1990,6,October 13,Texas,Cotton Bowl,neutral,L,13,14,
1990,7,October 20,Iowa State,Oklahoma Memorial Stadium,home,L,31,33,
1990,8,October 27,Colorado,Folsom Field,unknown,L,23,32,
1990,9,November 3,Missouri,Faurot Field,unknown,W,55,10,
1990,10,November 10,Kansas State,Oklahoma Memorial Stadium,home,W,34,7,
1990,11,,Nebraska,Oklahoma Memorial Stadium,home,W,45,10,
1991,1,September 14,North Texas,Oklahoma Memorial Stadium,home,W,40,2,
1991,2,September 21,Utah State,Oklahoma Memorial Stadium,home,W,55,21,
1991,3,September 28,Virginia Tech,Oklahoma Memorial Stadium,home,W,27,17,
1991,4,October 5,Iowa State,Cyclone Stadium,unknown,W,29,8,
1991,5,October 12,Texas,Cotton Bowl,neutral,L,7,10,
1991,6,October 19,Colorado,Oklahoma Memorial Stadium,home,L,17,34,
1991,7,October 26,Kansas,Oklahoma Memorial Stadium,home,W,41,3,
1991,8,November 2,Kansas State,Oklahoma Memorial Stadium,home,W,28,7,
1991,9,November 9,Missouri,Faurot Field,unknown,W,56,16,
1991,10,November 16,Oklahoma State,Oklahoma Memorial Stadium,home,W,21,6,
1991,11,November 29,Nebraska,Memorial Stadium,home,L,14,19,
1991,12,December 29,Virginia,Gator Bowl Stadium,neutral,W,48,14,
1992,1,September 3,Texas Tech,Jones Stadium,unknown,W,34,9,
1992,2,September 12,Arkansas State,Oklahoma Memorial Stadium,home,W,61,0,
1992,3,September 19,USC,Oklahoma Memorial Stadium,home,L,10,20,
1992,4,October 3,Iowa State,Oklahoma Memorial Stadium,home,W,17,3,
1992,5,October 10,Texas,Cotton Bowl,neutral,L,24,34,
1992,6,October 17,Colorado,Folsom Field,unknown,T,24,24,
1992,7,October 24,Kansas,Memorial Stadium,home,L,10,27,
1992,8,October 31,Kansas State,Oklahoma Memorial Stadium,home,W,16,14,
1992,9,November 7,Missouri,Oklahoma Memorial Stadium,home,W,51,17,
1992,10,November 14,Oklahoma State,Lewis Field,unknown,T,15,15,
1992,11,November 27,Nebraska,Oklahoma Memorial Stadium,home,L,9,33,
1993,1,September 4,TCU,Amon G. Carter Stadium,unknown,W,35,3,
1993,2,September 11,Texas A&M,Oklahoma Memorial Stadium,home,W,44,14,
1993,3,September 25,Tulsa,Oklahoma Memorial Stadium,home,W,41,20,
1993,4,October 2,Iowa State,Cyclone Stadium,unknown,W,24,7,
1993,5,October 9,Texas,Cotton Bowl,neutral,W,38,17,
1993,6,October 16,Colorado,Oklahoma Memorial Stadium,home,L,10,27,
1993,7,October 23,Kansas,Oklahoma Memorial Stadium,home,W,38,23,
1993,8,October 30,Kansas State,KSU Stadium,unknown,L,7,21,
1993,9,November 6,Missouri,Faurot Field,unknown,W,42,23,
1993,10,November 13,Oklahoma State,Oklahoma Memorial Stadium,home,W,31,0,
1993,11,November 26,Nebraska,Memorial Stadium,home,L,7,21,
1993,12,December 24,Texas Tech,Sun Bowl,neutral,W,41,10,
1994,1,September 3,Syracuse,Carrier Dome,unknown,W,30,29,
1994,2,September 10,Texas A&M,Kyle Field,unknown,L,14,36,
1994,3,September 17,Texas Tech,Oklahoma Memorial Stadium,home,W,17,11,
1994,4,October 1,Iowa State,Oklahoma Memorial Stadium,home,W,34,6,
1994,5,October 8,Texas,Cotton Bowl,neutral,L,10,17,
1994,6,October 15,Colorado,Folsom Field,unknown,L,7,45,
1994,7,October 22,Kansas,Memorial Stadium,home,W,20,17,
1994,8,October 29,Kansas State,Oklahoma Memorial Stadium,home,L,20,37,
1994,9,November 5,Missouri,Oklahoma Memorial Stadium,home,W,30,13,
1994,10,November 13,Oklahoma State,Lewis Field,unknown,W,33,14,
1994,11,November 25,Nebraska,Oklahoma Memorial Stadium,home,L,3,13,
1994,12,December 29,BYU,Arizona Stadium,unknown,L,6,31,
1995,1,September 9,San Diego State,Oklahoma Memorial Stadium,home,W,38,22,
1995,2,September 16,SMU,Oklahoma Memorial Stadium,home,W,24,10,
1995,3,September 23,North Texas,Oklahoma Memorial Stadium,home,W,51,10,
1995,4,September 30,Colorado,Oklahoma Memorial Stadium,home,L,17,38,
1995,5,October 7,Iowa State,Cyclone Stadium,unknown,W,39,26,
1995,6,October 14,Texas,Cotton Bowl,neutral,T,24,24,
1995,7,October 21,Kansas,Oklahoma Memorial Stadium,home,L,17,38,
1995,8,October 28,Missouri,Faurot Field,unknown,W,13,9,
1995,9,November 4,Kansas State,KSU Stadium,unknown,L,10,49,
1995,10,November 11,Oklahoma State,Oklahoma Memorial Stadium,home,L,0,12,
1995,11,,Nebraska,Memorial Stadium,home,L,0,37,
1996,1,September 7,TCU,Oklahoma Memorial Stadium,home,L,7,20,
1996,2,September 21,San Diego State,Jack Murphy Stadium,unknown,L,31,51,
1996,3,September 28,Tulsa,Oklahoma Memorial Stadium,home,L,24,31,
1996,4,October 5,Kansas,Oklahoma Memorial Stadium,home,L,24,52,
1996,5,October 12,Texas,Cotton Bowl,neutral,W,30,27,
1996,6,October 19,Baylor,Floyd Casey Stadium,unknown,W,28,24,
1996,7,October 26,Kansas State,KSU Stadium,unknown,L,35,42,
1996,8,November 2,Nebraska,Oklahoma Memorial Stadium,home,L,21,73,
1996,9,November 9,Oklahoma State,Lewis Field,unknown,W,27,17,
1996,10,November 16,Texas A&M,Kyle Field,unknown,L,16,33,
1996,11,November 23,Texas Tech,Oklahoma Memorial Stadium,home,L,12,22,
1997,1,August 23,Northwestern,Soldier Field,unknown,L,0,24,
1997,2,September 6,Syracuse,Oklahoma Memorial Stadium,home,W,36,34,
1997,3,September 20,California,California Memorial Stadium,home,L,36,40,
1997,4,September 27,Louisville,Oklahoma Memorial Stadium,home,W,35,14,
1997,5,October 4,Kansas,Memorial Stadium,home,L,17,20,
1997,6,October 11,Texas,Cotton Bowl,neutral,L,24,27,
1997,7,October 18,Baylor,Oklahoma Memorial Stadium,home,W,24,23,
1997,8,October 25,Kansas State,Oklahoma Memorial Stadium,home,L,7,26,
1997,9,November 1,Nebraska,Memorial Stadium,home,L,7,69,
1997,10,November 8,Oklahoma State,Oklahoma Memorial Stadium,home,L,7,30,
1997,11,November 15,Texas A&M,Oklahoma Memorial Stadium,home,L,7,51,
1997,12,November 22,Texas Tech,Jones Stadium,unknown,W,32,21,
1998,1,September 5,North Texas,Oklahoma Memorial Stadium,home,W,37,9,
1998,2,September 12,TCU,Amon G. Carter Stadium,unknown,W,10,9,
1998,3,September 19,California,Oklahoma Memorial Stadium,home,L,12,13,
1998,4,October 3,Colorado,Oklahoma Memorial Stadium,home,L,25,27,
1998,5,October 10,Texas,Cotton Bowl,neutral,L,3,34,
1998,6,October 17,Missouri,Faurot Field,unknown,L,6,20,
1998,7,October 24,Oklahoma State,Lewis Field,unknown,L,26,41,
1998,8,October 31,Iowa State,Oklahoma Memorial Stadium,home,W,17,14,
1998,9,November 7,Texas A&M,Kyle Field,unknown,L,0,29,
1998,10,November 14,Baylor,Floyd Casey Stadium,unknown,W,28,16,
1998,11,November 21,Texas Tech,Oklahoma Memorial Stadium,home,W,20,17,
1999,1,September 11,,Oklahoma Memorial Stadium,home,W,49,0,
1999,2,September 18,Baylor,Oklahoma Memorial Stadium,home,W,41,10,
1999,3,September 25,Louisville,Papa John's Cardinal Stadium,unknown,W,42,21,
1999,4,October 2,Notre Dame,Notre Dame Stadium,unknown,L,30,34,
1999,5,October 9,Texas,Cotton Bowl,neutral,L,28,38,
1999,6,October 23,Texas A&M,Oklahoma Memorial Stadium,home,W,51,6,
1999,7,October 30,Colorado,Folsom Field,unknown,L,24,38,
1999,8,November 6,Missouri,Oklahoma Memorial Stadium,home,W,37,0,
1999,9,November 13,Iowa State,Jack Trice Stadium,unknown,W,31,10,
1999,10,November 20,Texas Tech,Jones Stadium,unknown,L,28,38,
1999,11,November 27,Oklahoma State,Oklahoma Memorial Stadium,home,W,44,7,
1999,12,December 31,Ole Miss,Independence Stadium,unknown,L,25,27,
2000,1,September 2,UTEP,Oklahoma Memorial Stadium,home,W,55,14,
2000,2,September 9,Arkansas State,Oklahoma Memorial Stadium,home,W,45,7,
2000,3,September 23,Rice,Oklahoma Memorial Stadium,home,W,42,14,
2000,4,September 30,Kansas,Oklahoma Memorial Stadium,home,W,34,16,
2000,5,October 7,Texas,Cotton Bowl,neutral,W,63,14,
2000,6,October 14,Kansas State,KSU Stadium,unknown,W,41,31,
2000,7,October 28,Nebraska,Oklahoma Memorial Stadium,home,W,31,14,
2000,8,November 4,Baylor,Floyd Casey Stadium,unknown,W,56,7,
2000,9,November 11,Texas A&M,Kyle Field,unknown,W,35,31,
2000,10,November 18,Texas Tech,Oklahoma Memorial Stadium,home,W,27,13,
2000,11,November 25,Oklahoma State,Lewis Field,unknown,W,12,7,
2000,12,December 2,Kansas State,Arrowhead Stadium,unknown,W,27,24,
2000,13,"January 3, 2001",Florida State,Pro Player Stadium,unknown,W,13,2,
2001,1,August 25,North Carolina,Oklahoma Memorial Stadium,home,W,41,27,
2001,2,September 1,Air Force,Falcon Stadium,unknown,W,44,3,
2001,3,September 8,North Texas,Oklahoma Memorial Stadium,home,W,37,10,
2001,4,September 29,Kansas State,Oklahoma Memorial Stadium,home,W,38,37,
2001,5,October 6,Texas,Cotton Bowl,neutral,W,14,3,
2001,6,October 13,Kansas,Memorial Stadium,home,W,38,10,
2001,7,October 20,Baylor,Oklahoma Memorial Stadium,home,W,33,17,
2001,8,October 27,Nebraska,Memorial Stadium,home,L,10,20,
2001,9,November 3,Tulsa,Oklahoma Memorial Stadium,home,W,58,0,
2001,10,November 10,Texas A&M,Oklahoma Memorial Stadium,home,W,31,10,
2001,11,November 17,Texas Tech,Jones SBC Stadium,unknown,W,30,13,
2001,12,November 24,Oklahoma State,Oklahoma Memorial Stadium,home,L,13,16,
2001,13,"January 1, 2002",Arkansas,Cotton Bowl,neutral,W,10,3,
2002,1,August 30,Tulsa,Skelly Stadium,unknown,W,37,0,
2002,2,September 7,Alabama,Gaylord Family Oklahoma Memorial Stadium,home,W,37,27,
2002,3,September 14,UTEP,Gaylord Family Oklahoma Memorial Stadium,home,W,68,0,
2002,4,September 28,South Florida,Gaylord Family Oklahoma Memorial Stadium,home,W,31,14,
2002,5,October 5,Missouri,Faurot Field,unknown,W,31,24,
2002,6,October 12,Texas,Cotton Bowl,neutral,W,35,24,
2002,7,October 19,Iowa State,Gaylord Family Oklahoma Memorial Stadium,home,W,49,3,
2002,8,November 2,Colorado,Gaylord Family Oklahoma Memorial Stadium,home,W,27,11,
2002,9,November 9,Texas A&M,Kyle Field,unknown,L,26,30,
2002,10,November 16,Baylor,Floyd Casey Stadium,unknown,W,49,9,
2002,11,November 23,Texas Tech,Gaylord Family Oklahoma Memorial Stadium,home,W,60,15,
2002,12,November 30,Oklahoma State,Lewis Field,unknown,L,28,38,
2002,13,December 7,Colorado,Reliant Stadium,unknown,W,29,7,
2002,14,"January 1, 2003",Washington State,Rose Bowl,neutral,W,34,14,
2003,1,August 30,North Texas,Gaylord Family Oklahoma Memorial Stadium,home,W,37,3,
2003,2,September 6,Alabama,Bryant–Denny Stadium,unknown,W,20,13,
2003,3,September 13,Fresno State,Gaylord Family Oklahoma Memorial Stadium,home,W,52,28,
2003,4,September 20,UCLA,Gaylord Family Oklahoma Memorial Stadium,home,W,59,24,
2003,5,October 4,Iowa State,Jack Trice Stadium,unknown,W,53,7,
2003,6,October 11,Texas,Cotton Bowl,neutral,W,65,13,
2003,7,October 18,Missouri,Gaylord Family Oklahoma Memorial Stadium,home,W,34,13,
2003,8,October 25,Colorado,Folsom Field,unknown,W,34,20,
2003,9,November 1,Oklahoma State,Gaylord Family Oklahoma Memorial Stadium,home,W,52,9,
2003,10,November 8,Texas A&M,Gaylord Family Oklahoma Memorial Stadium,home,W,77,0,
2003,11,November 15,Baylor,Gaylord Family Oklahoma Memorial Stadium,home,W,41,3,
2003,12,November 22,Texas Tech,Jones SBC Stadium,unknown,W,56,25,
2003,13,December 6,Kansas State,Arrowhead Stadium,unknown,L,7,35,
2003,14,"January 4, 2004",LSU,Louisiana Superdome,unknown,L,14,21,
2004,1,September 4,Bowling Green,Gaylord Family Oklahoma Memorial Stadium,home,W,40,24,
2004,2,September 11,Houston,Gaylord Family Oklahoma Memorial Stadium,home,W,63,13,
2004,3,September 18,Oregon,Gaylord Family Oklahoma Memorial Stadium,home,W,31,7,
2004,4,October 2,Texas Tech,Gaylord Family Oklahoma Memorial Stadium,home,W,28,13,
2004,5,October 9,Texas,Cotton Bowl,neutral,W,12,0,
2004,6,October 16,Kansas State,KSU Stadium,unknown,W,31,21,
2004,7,October 23,Kansas,Gaylord Family Oklahoma Memorial Stadium,home,W,41,10,
2004,8,October 30,Oklahoma State,Boone Pickens Stadium,unknown,W,38,35,
2004,9,November 6,Texas A&M,Kyle Field,unknown,W,42,35,
2004,10,November 13,Nebraska,Gaylord Family Oklahoma Memorial Stadium,home,W,30,3,
2004,11,November 20,Baylor,Floyd Casey Stadium,unknown,W,35,0,
2004,12,December 4,Colorado,Arrowhead Stadium,unknown,W,42,3,
2004,13,"January 4, 2005",USC,Pro Player Stadium,unknown,L,19,55,
2005,1,September 3,TCU,Gaylord Family Oklahoma Memorial Stadium,home,L,10,17,
2005,2,September 10,Tulsa,Gaylord Family Oklahoma Memorial Stadium,home,W,31,15,
2005,3,September 17,UCLA,Rose Bowl,neutral,L,24,41,
2005,4,October 1,Kansas State,Gaylord Family Oklahoma Memorial Stadium,home,W,43,21,
2005,5,October 8,Texas,Cotton Bowl,neutral,L,12,45,
2005,6,October 15,Kansas,Arrowhead Stadium,unknown,W,19,3,
2005,7,October 22,Baylor,Gaylord Family Oklahoma Memorial Stadium,home,W,37,30,
2005,8,October 29,Nebraska,Memorial Stadium,home,W,31,24,
2005,9,November 12,Texas A&M,Gaylord Family Oklahoma Memorial Stadium,home,W,36,30,
2005,10,November 19,Texas Tech,Jones SBC Stadium,unknown,L,21,23,
2005,11,November 26,Oklahoma State,Gaylord Family Oklahoma Memorial Stadium,home,W,42,14,
2005,12,December 29,Oregon,Qualcomm Stadium,unknown,W,17,14,
2006,1,September 2,UAB,Gaylord Family Oklahoma Memorial Stadium,home,W,24,17,
2006,2,September 9,Washington,Gaylord Family Oklahoma Memorial Stadium,home,W,37,20,
2006,3,September 16,Oregon,Autzen Stadium,unknown,L,33,34,
2006,4,September 23,Middle Tennessee,Gaylord Family Oklahoma Memorial Stadium,home,W,59,0,
2006,5,October 7,Texas,Cotton Bowl,neutral,L,10,28,
2006,6,October 14,Iowa State,Gaylord Family Oklahoma Memorial Stadium,home,W,34,9,
2006,7,October 21,Colorado,Gaylord Family Oklahoma Memorial Stadium,home,W,24,3,
2006,8,October 28,Missouri,Faurot Field,unknown,W,26,10,
2006,9,November 4,Texas A&M,Kyle Field,unknown,W,17,16,
2006,10,November 11,Texas Tech,Gaylord Family Oklahoma Memorial Stadium,home,W,34,24,
2006,11,November 18,Baylor,Floyd Casey Stadium,unknown,W,36,10,
2006,12,November 25,Oklahoma State,Boone Pickens Stadium,unknown,W,27,21,
2006,13,December 2,Nebraska,Arrowhead Stadium,unknown,W,21,7,
2006,14,"January 1, 2007",Boise State,University of Phoenix Stadium,unknown,L,42,43,
2007,1,September 1,North Texas,Oklahoma Memorial Stadium,home,W,79,10,
2007,2,September 8,Miami (FL),Oklahoma Memorial Stadium,home,W,51,13,
2007,3,September 15,Utah State,Oklahoma Memorial Stadium,home,W,54,3,
2007,4,September 21,Tulsa,Skelly Stadium,unknown,W,62,21,
2007,5,September 29,Colorado,Folsom Field,unknown,L,24,27,
2007,6,October 6,Texas,Cotton Bowl,neutral,W,28,21,
2007,7,October 13,Missouri,Oklahoma Memorial Stadium,home,W,41,31,
2007,8,October 20,Iowa State,Jack Trice Stadium,unknown,W,17,7,
2007,9,November 3,Texas A&M,Oklahoma Memorial Stadium,home,W,42,14,
2007,10,November 10,Baylor,Oklahoma Memorial Stadium,home,W,52,21,
2007,11,November 17,Texas Tech,Jones AT&T Stadium,unknown,L,27,34,
2007,12,November 24,Oklahoma State,Oklahoma Memorial Stadium,home,W,49,17,
2007,13,December 1,Missouri,Alamodome,unknown,W,38,17,
2007,14,"January 2, 2008",West Virginia,University of Phoenix Stadium,unknown,L,28,48,
2008,1,August 30,Chattanooga,Gaylord Family Oklahoma Memorial Stadium,home,W,57,2,
2008,2,September 6,Cincinnati,Gaylord Family Oklahoma Memorial Stadium,home,W,52,26,
2008,3,September 13,Washington,Husky Stadium,unknown,W,55,14,
2008,4,September 27,TCU,Gaylord Family Oklahoma Memorial Stadium,home,W,35,10,
2008,5,October 4,Baylor,Floyd Casey Stadium,unknown,W,49,17,
2008,6,October 11,Texas,Cotton Bowl,neutral,L,35,45,
2008,7,October 18,Kansas,Gaylord Family Oklahoma Memorial Stadium,home,W,45,31,
2008,8,October 25,Kansas State,Bill Snyder Family Football Stadium,unknown,W,58,35,
2008,9,November 1,Nebraska,Gaylord Family Oklahoma Memorial Stadium,home,W,62,28,
2008,10,November 8,Texas A&M,Kyle Field,unknown,W,66,28,
2008,11,November 22,Texas Tech,Gaylord Family Oklahoma Memorial Stadium,home,W,65,21,
2008,12,November 29,Oklahoma State,Boone Pickens Stadium,unknown,W,61,41,
2008,13,December 6,Missouri,Arrowhead Stadium,unknown,W,62,21,
2008,14,"January 8, 2009",Florida,Dolphin Stadium,unknown,L,14,24,
2009,1,September 5,BYU,Cowboys Stadium,unknown,L,13,14,
2009,2,September 12,Idaho State,Gaylord Family Oklahoma Memorial Stadium,home,W,64,0,
2009,3,September 19,Tulsa,Gaylord Family Oklahoma Memorial Stadium,home,W,45,0,
2009,4,October 3,Miami (FL),Land Shark Stadium,unknown,L,20,21,
2009,5,October 10,Baylor,Gaylord Family Oklahoma Memorial Stadium,home,W,33,7,
2009,6,October 17,Texas,Cotton Bowl,neutral,L,13,16,
2009,7,October 24,Kansas,Memorial Stadium,home,W,35,13,
2009,8,October 31,Kansas State,Gaylord Family Oklahoma Memorial Stadium,home,W,42,30,
2009,9,November 7,Nebraska,Memorial Stadium,home,L,3,10,
2009,10,November 14,Texas A&M,Gaylord Family Oklahoma Memorial Stadium,home,W,65,10,
2009,11,November 21,Texas Tech,Jones AT&T Stadium,unknown,L,13,41,
2009,12,November 28,Oklahoma State,Gaylord Family Oklahoma Memorial Stadium,home,W,27,0,
2009,13,December 31,Stanford,Sun Bowl Stadium,neutral,W,31,27,
2010,1,September 4,Utah State,Gaylord Family Oklahoma Memorial Stadium,home,W,31,24,
2010,2,September 11,Florida State,Gaylord Family Oklahoma Memorial Stadium,home,W,47,17,
2010,3,September 18,Air Force,Gaylord Family Oklahoma Memorial Stadium,home,W,27,24,
2010,4,September 25,Cincinnati,Paul Brown Stadium,unknown,W,31,29,
2010,5,October 2,Texas,Cotton Bowl,neutral,W,28,20,
2010,6,October 16,Iowa State,Gaylord Family Oklahoma Memorial Stadium,home,W,52,0,
2010,7,October 23,Missouri,Faurot Field,unknown,L,27,36,
2010,8,October 30,Colorado,Gaylord Family Oklahoma Memorial Stadium,home,W,43,10,
2010,9,November 6,Texas A&M,Kyle Field,unknown,L,19,33,
2010,10,November 13,Texas Tech,Gaylord Family Oklahoma Memorial Stadium,home,W,45,7,
2010,11,November 20,Baylor,Floyd Casey Stadium,unknown,W,53,24,
2010,12,November 27,Oklahoma State,Boone Pickens Stadium,unknown,W,47,41,
2010,13,December 4,Nebraska,Cowboys Stadium,unknown,W,23,20,
2010,14,"January 1, 2011",Connecticut,University of Phoenix Stadium,unknown,W,48,20,
2011,1,September 3,Tulsa,Gaylord Family Oklahoma Memorial Stadium,home,W,47,14,
2011,2,September 17,Florida State,Doak Campbell Stadium,unknown,W,23,13,
2011,3,September 24,Missouri,Gaylord Family Oklahoma Memorial Stadium,home,W,38,28,
2011,4,October 1,Ball State,Gaylord Family Oklahoma Memorial Stadium,home,W,62,6,
2011,5,October 8,Texas,Cotton Bowl,neutral,W,55,17,
2011,6,October 15,Kansas,Memorial Stadium,home,W,47,17,
2011,7,October 22,Texas Tech,Gaylord Family Oklahoma Memorial Stadium,home,L,38,41,
2011,8,October 29,Kansas State,Bill Snyder Family Football Stadium,unknown,W,58,17,
2011,9,November 5,Texas A&M,Gaylord Family Oklahoma Memorial Stadium,home,W,41,25,
2011,10,November 19,Baylor,Floyd Casey Stadium,unknown,L,38,45,
2011,11,November 26,Iowa State,Gaylord Family Oklahoma Memorial Stadium,home,W,26,6,
2011,12,December 3,Oklahoma State,Boone Pickens Stadium,unknown,L,10,44,
2011,13,December 30,Iowa,Sun Devil Stadium,unknown,W,31,14,
2012,1,September 1,UTEP,Sun Bowl Stadium,neutral,W,24,7,
2012,2,September 8,Florida A&M,Gaylord Family Oklahoma Memorial Stadium,home,W,69,13,
2012,3,September 22,Kansas State,Gaylord Family Oklahoma Memorial Stadium,home,L,19,24,
2012,4,October 6,Texas Tech,Jones AT&T Stadium,unknown,W,41,20,
2012,5,October 13,Texas,Cotton Bowl,neutral,W,63,21,
2012,6,October 20,Kansas,Gaylord Family Oklahoma Memorial Stadium,home,W,52,7,
2012,7,October 27,Notre Dame,Gaylord Family Oklahoma Memorial Stadium,home,L,13,30,
2012,8,November 3,Iowa State,Jack Trice Stadium,unknown,W,35,20,
2012,9,November 10,Baylor,Gaylord Family Oklahoma Memorial Stadium,home,W,42,34,
2012,10,November 17,West Virginia,Mountaineer Field,unknown,W,50,49,
2012,11,November 24,Oklahoma State,Gaylord Family Oklahoma Memorial Stadium,home,W,51,48,
2012,12,December 1,TCU,Amon G. Carter Stadium,unknown,W,24,17,
2012,13,"January 4, 2013",Texas A&M,Cowboys Stadium,unknown,L,13,41,
2013,1,August 31,Louisiana–Monroe,Gaylord Family Oklahoma Memorial Stadium,home,W,34,0,
2013,2,September 7,West Virginia,Gaylord Family Oklahoma Memorial Stadium,home,W,16,7,
2013,3,September 14,Tulsa,Gaylord Family Oklahoma Memorial Stadium,home,W,51,20,
2013,4,September 28,Notre Dame,Notre Dame Stadium,unknown,W,35,21,
2013,5,October 5,TCU,Gaylord Family Oklahoma Memorial Stadium,home,W,20,17,
2013,6,October 12,Texas,Cotton Bowl,neutral,L,20,36,
2013,7,October 19,Kansas,Memorial Stadium,home,W,34,19,
2013,8,October 26,Texas Tech,Gaylord Family Oklahoma Memorial Stadium,home,W,38,30,
2013,9,November 7,Baylor,Floyd Casey Stadium,unknown,L,12,41,
2013,10,November 16,Iowa State,Gaylord Family Oklahoma Memorial Stadium,home,W,48,10,
2013,11,November 23,Kansas State,Bill Snyder Family Football Stadium,unknown,W,41,31,
2013,12,December 7,Oklahoma State,Boone Pickens Stadium,unknown,W,33,24,
2013,13,"January 2, 2014",Alabama,Mercedes-Benz Superdome,unknown,W,45,31,
2014,1,August 30,Louisiana Tech,Gaylord Family Oklahoma Memorial Stadium,home,W,48,16,
2014,2,September 6,Tulsa,Chapman Stadium,unknown,W,52,7,
2014,3,September 13,Tennessee,Gaylord Family Oklahoma Memorial Stadium,home,W,34,10,
2014,4,September 20,West Virginia,Mountaineer Field,unknown,W,45,33,
2014,5,October 4,TCU,Amon G. Carter Stadium,unknown,L,33,37,
2014,6,October 11,Texas,Cotton Bowl,neutral,W,31,26,
2014,7,October 18,Kansas State,Gaylord Family Oklahoma Memorial Stadium,home,L,30,31,
2014,8,November 1,Iowa State,Jack Trice Stadium,unknown,W,59,14,
2014,9,November 8,Baylor,Gaylord Family Oklahoma Memorial Stadium,home,L,14,48,
2014,10,November 15,Texas Tech,Jones AT&T Stadium,unknown,W,42,30,
2014,11,November 22,Kansas,Gaylord Family Oklahoma Memorial Stadium,home,W,44,7,
2014,12,December 6,Oklahoma State,Gaylord Family Oklahoma Memorial Stadium,home,L,35,38,
2014,13,December 29,Clemson,Orlando Citrus Bowl Stadium,neutral,L,6,40,
2015,1,September 5,Akron,Gaylord Family Oklahoma Memorial Stadium,home,W,41,3,
2015,2,September 12,Tennessee,Neyland Stadium,unknown,W,31,24,
2015,3,September 19,Tulsa,Gaylord Family Oklahoma Memorial Stadium,home,W,52,38,
2015,4,October 3,West Virginia,Gaylord Family Oklahoma Memorial Stadium,home,W,44,24,
2015,5,October 10,Texas,Cotton Bowl,neutral,L,17,24,
2015,6,October 17,Kansas State,Bill Snyder Family Football Stadium,unknown,W,55,0,
2015,7,October 24,Texas Tech,Gaylord Family Oklahoma Memorial Stadium,home,W,63,27,
2015,8,October 31,Kansas,Memorial Stadium,home,W,62,7,
2015,9,November 7,Iowa State,Gaylord Family Oklahoma Memorial Stadium,home,W,52,16,
2015,10,November 14,Baylor,McLane Stadium,unknown,W,44,34,
2015,11,November 21,TCU,Gaylord Family Oklahoma Memorial Stadium,home,W,30,29,
2015,12,November 28,Oklahoma State,Boone Pickens Stadium,unknown,W,58,23,
2015,13,,Clemson,Sun Life Stadium,unknown,L,17,37,
2016,1,September 3,Houston,NRG Stadium,unknown,L,23,33,
2016,2,September 10,Louisiana–Monroe,Gaylord Family Oklahoma Memorial Stadium,home,W,59,17,
2016,3,September 17,Ohio State,Gaylord Family Oklahoma Memorial Stadium,home,L,24,45,
2016,4,October 1,TCU,Amon G. Carter Stadium,unknown,W,52,46,
2016,5,October 8,Texas,Cotton Bowl,neutral,W,45,40,
2016,6,October 15,Kansas State,Gaylord Family Oklahoma Memorial Stadium,home,W,38,17,
2016,7,October 22,Texas Tech,Jones AT&T Stadium,unknown,W,66,59,
2016,8,October 29,Kansas,Gaylord Family Oklahoma Memorial Stadium,home,W,56,3,
2016,9,November 3,Iowa State,Jack Trice Stadium,unknown,W,34,24,
2016,10,November 12,Baylor,Gaylord Family Oklahoma Memorial Stadium,home,W,45,24,
2016,11,November 19,West Virginia,Mountaineer Field,unknown,W,56,28,
2016,12,December 3,Oklahoma State,Gaylord Family Oklahoma Memorial Stadium,home,W,38,20,
2016,13,"January 2, 2017",Auburn,Mercedes-Benz Superdome,unknown,W,35,19,
2017,1,September 2,UTEP,Gaylord Family Oklahoma Memorial Stadium,home,W,56,7,
2017,2,September 9,Ohio State,Ohio Stadium,unknown,W,31,16,
2017,3,September 16,Tulane,Gaylord Family Oklahoma Memorial Stadium,home,W,56,14,
2017,4,September 23,Baylor,McLane Stadium,unknown,W,49,41,
2017,5,October 7,Iowa State,Gaylord Family Oklahoma Memorial Stadium,home,L,31,38,
2017,6,October 14,Texas,Cotton Bowl Stadium,neutral,W,29,24,
2017,7,October 21,Kansas State,Bill Snyder Family Stadium,unknown,W,42,35,
2017,8,October 28,Texas Tech,Gaylord Family Oklahoma Memorial Stadium,home,W,49,27,
2017,9,November 4,Oklahoma State,Boone Pickens Stadium,unknown,W,62,52,
2017,10,November 11,TCU,Gaylord Family Oklahoma Memorial Stadium,home,W,38,20,
2017,11,November 18,Kansas,Memorial Stadium,home,W,41,3,
2017,12,November 25,West Virginia,Gaylord Family Oklahoma Memorial Stadium,home,W,59,31,
2017,13,December 2,TCU,AT&T Stadium,unknown,W,41,17,
2017,14,"January 1, 2018",Georgia,Rose Bowl,neutral,L,48,54,
2018,1,September 1,Florida Atlantic,Gaylord Family Oklahoma Memorial Stadium,home,W,63,14,
2018,2,September 8,UCLA,Gaylord Family Oklahoma Memorial Stadium,home,W,49,21,
2018,3,September 15,Iowa State,Jack Trice Stadium,unknown,W,37,27,
2018,4,September 22,Army,Gaylord Family Oklahoma Memorial Stadium,home,W,28,21,
2018,5,September 29,Baylor,Gaylord Family Oklahoma Memorial Stadium,home,W,66,33,
2018,6,October 6,No. 19 Texas,Cotton Bowl Stadium,neutral,L,45,48,
2018,7,October 20,TCU,Amon G. Carter Stadium,unknown,W,52,27,
2018,8,October 27,Kansas State,Gaylord Family Oklahoma Memorial Stadium,home,W,51,14,
2018,9,November 3,Texas Tech,Jones AT&T Stadium,unknown,W,51,46,
2018,10,November 10,Oklahoma State,Gaylord Family Oklahoma Memorial Stadium,home,W,48,47,
2018,11,November 17,Kansas,Gaylord Family Oklahoma Memorial Stadium,home,W,55,40,
2018,12,,West Virginia,Mountaineer Field,unknown,W,59,56,
2018,13,December 1,Texas,AT&T Stadium,unknown,W,39,27,
2018,14,December 29,Alabama,Hard Rock Stadium,unknown,L,34,45,
2019,1,,Houston,Gaylord Family Oklahoma Memorial Stadium,home,W,49,31,
2019,2,September 7,South Dakota,Gaylord Family Oklahoma Memorial Stadium,home,W,70,14,
2019,3,September 14,UCLA,Rose Bowl,neutral,W,48,14,
2019,4,September 28,Texas Tech,Gaylord Family Oklahoma Memorial Stadium,home,W,55,16,
2019,5,October 5,Kansas,David Booth Kansas Memorial Stadium,home,W,45,20,
2019,6,October 12,Texas,Cotton Bowl,neutral,W,34,27,
2019,7,October 19,West Virginia,Gaylord Family Oklahoma Memorial Stadium,home,W,52,14,
2019,8,October 26,Kansas State,Bill Snyder Family Stadium,unknown,L,41,48,
2019,9,November 9,Iowa State,Gaylord Family Oklahoma Memorial Stadium,home,W,42,41,
2019,10,November 16,Baylor,McLane Stadium,unknown,W,34,31,
2019,11,November 23,TCU,Gaylord Family Oklahoma Memorial Stadium,home,W,28,24,
2019,12,November 30,Oklahoma State,Boone Pickens Stadium,unknown,W,34,16,
2019,13,December 7,Baylor,AT&T Stadium,unknown,W,30,23,
2019,14,December 28,LSU,Mercedes-Benz Stadium,unknown,L,28,63,
2020,1,September 12,Missouri State,Gaylord Family Oklahoma Memorial Stadium,home,W,48,0,
2020,2,September 26,Kansas State,Gaylord Family Oklahoma Memorial Stadium,home,L,35,38,
2020,3,October 3,Iowa State,Jack Trice Stadium,unknown,L,30,37,
2020,4,October 10,Texas,Cotton Bowl,neutral,W,53,45,
2020,5,October 24,TCU,Amon G. Carter Stadium,unknown,W,33,14,
2020,6,October 31,Texas Tech,Jones AT&T Stadium,unknown,W,62,28,
2020,7,November 7,Kansas,Gaylord Family Oklahoma Memorial Stadium,home,W,62,9,
2020,8,November 21,Oklahoma State,Gaylord Family Oklahoma Memorial Stadium,home,W,41,13,
2020,9,December 5,Baylor,Gaylord Family Oklahoma Memorial Stadium,home,W,27,14,
2020,10,December 19,Iowa State,AT&T Stadium,unknown,W,27,21,
2020,11,December 30,Florida,,unknown,W,55,20,
2021,1,September 4,Tulane,Gaylord Family Oklahoma Memorial Stadium,home,W,40,35,
2021,2,September 11,Western Carolina,Gaylord Family Oklahoma Memorial Stadium,home,W,76,0,
2021,3,September 18,Nebraska,Gaylord Family Oklahoma Memorial Stadium,home,W,23,16,
2021,4,September 25,West Virginia,Gaylord Family Oklahoma Memorial Stadium,home,W,16,13,
2021,5,October 2,Kansas State,Bill Snyder Family Stadium,unknown,W,37,31,
2021,6,October 9,Texas,Cotton Bowl,neutral,W,55,48,
2021,7,October 16,TCU,Gaylord Family Oklahoma Memorial Stadium,home,W,52,31,
2021,8,October 23,Kansas,David Booth Kansas Memorial Stadium,home,W,35,23,
2021,9,October 30,Texas Tech,Gaylord Family Oklahoma Memorial Stadium,home,W,52,21,
2021,10,November 13,Baylor,McLane Stadium,unknown,L,14,27,
2021,11,November 20,Iowa State,Gaylord Family Oklahoma Memorial Stadium,home,W,28,21,
2021,12,November 27,Oklahoma State,Boone Pickens Stadium,unknown,L,33,37,
2021,13,,Oregon,Alamodome,unknown,W,47,32,
2022,1,September 3,UTEP,Gaylord Family Oklahoma Memorial Stadium,home,W,45,13,
2022,2,September 10,Kent State,Gaylord Family Oklahoma Memorial Stadium,home,W,33,3,
2022,3,September 17,Nebraska,Memorial Stadium,home,W,49,14,
2022,4,September 24,Kansas State,Gaylord Family Oklahoma Memorial Stadium,home,L,34,41,
2022,5,October 1,TCU,Amon G. Carter Stadium,unknown,L,24,55,
2022,6,October 8,Texas,Cotton Bowl,neutral,L,0,49,
2022,7,October 15,Kansas,Gaylord Family Oklahoma Memorial Stadium,home,W,52,42,
2022,8,October 29,Iowa State,Jack Trice Stadium,unknown,W,27,13,
2022,9,November 5,Baylor,Gaylord Family Oklahoma Memorial Stadium,home,L,35,38,
2022,10,November 12,West Virginia,Milan Puskar Stadium,unknown,L,20,23,
2022,11,November 19,Oklahoma State,Gaylord Family Oklahoma Memorial Stadium,home,W,28,13,
2022,12,November 26,Texas Tech,Jones AT&T Stadium,unknown,L,48,51,
2022,13,,Florida State,Camping World Stadium,unknown,L,32,35,
2023,1,September 2,Arkansas State,Gaylord Family Oklahoma Memorial Stadium,home,W,73,0,
2023,2,September 9,SMU,Gaylord Family Oklahoma Memorial Stadium,home,W,28,11,
2023,3,September 16,Tulsa,Skelly Field at H. A. Chapman Stadium,unknown,W,66,17,
2023,4,September 23,Cincinnati,Nippert Stadium,unknown,W,20,6,
2023,5,September 30,Iowa State,Gaylord Family Oklahoma Memorial Stadium,home,W,50,20,
2023,6,October 7,Texas,Cotton Bowl,neutral,W,34,30,
2023,7,October 21,UCF,Gaylord Family Oklahoma Memorial Stadium,home,W,31,29,
2023,8,October 28,Kansas,David Booth Kansas Memorial Stadium,home,L,33,38,
2023,9,November 4,Oklahoma State,Boone Pickens Stadium,unknown,L,24,27,
2023,10,November 11,West Virginia,Gaylord Family Oklahoma Memorial Stadium,home,W,59,20,
2023,11,November 18,BYU,LaVell Edwards Stadium,unknown,W,31,24,
2023,12,,TCU,Gaylord Family Oklahoma Memorial Stadium,home,W,69,45,
2023,13,,Arizona,Alamodome,unknown,L,24,38,
2024,1,,Temple,Gaylord Family Oklahoma Memorial Stadium,home,W,51,3,
2024,2,September 7,Houston,Gaylord Family Oklahoma Memorial Stadium,home,W,16,12,
2024,3,September 14,Tulane,Gaylord Family Oklahoma Memorial Stadium,home,W,34,19,
2024,4,September 21,No. 6 Tennessee,Gaylord Family Oklahoma Memorial Stadium,home,L,15,25,
2024,5,September 28,Auburn,Jordan-Hare Stadium,unknown,W,27,21,
2024,6,October 12,No. 1 Texas,Cotton Bowl,neutral,L,3,34,
2024,7,October 19,South Carolina,Gaylord Family Oklahoma Memorial Stadium,home,L,9,35,
2024,8,October 26,No. 18 Ole Miss,Vaught–Hemingway Stadium,unknown,L,14,26,
2024,9,November 2,Maine,Gaylord Family Oklahoma Memorial Stadium,home,W,59,14,
2024,10,November 9,Missouri,Faurot Field,unknown,L,23,30,
2024,11,November 23,Alabama,Gaylord Family Oklahoma Memorial Stadium,home,W,24,3,
2024,12,November 30,LSU,Tiger Stadium,unknown,L,17,37,
2024,13,,Navy,Amon G. Carter Stadium,unknown,L,20,21,
2025,1,August 30,Illinois State,Gaylord Family Oklahoma Memorial Stadium,home,W,35,3,
2025,2,September 6,Michigan,Gaylord Family Oklahoma Memorial Stadium,home,W,24,13,
2025,3,September 13,Temple,Lincoln Financial Field,unknown,W,42,3,
2025,4,September 20,Auburn,Gaylord Family Oklahoma Memorial Stadium,home,W,24,17,
2025,5,October 4,Kent State,Gaylord Family Oklahoma Memorial Stadium,home,W,44,0,
2025,6,October 11,Texas,Cotton Bowl,neutral,L,6,23,
2025,7,October 18,South Carolina,Williams–Brice Stadium,unknown,W,26,7,
2025,8,October 25,Ole Miss,Gaylord Family Oklahoma Memorial Stadium,home,L,26,34,
2025,9,November 1,Tennessee,Neyland Stadium,unknown,W,33,27,
2025,10,November 15,Alabama,Bryant–Denny Stadium,unknown,W,23,21,
2025,11,November 22,Missouri,Gaylord Family Oklahoma Memorial Stadium,home,W,17,6,
2025,12,November 29,LSU,Gaylord Family Oklahoma Memorial Stadium,home,W,17,13,
2025,13,,Alabama,Gaylord Family Oklahoma Memorial Stadium,home,L,24,34,
